scenario,generated_at,sim_time,day_time,job_id,source,event_type,technician,station,remaining_time,outcome,wait_time,turnaround_time,service_time
base run,2026-07-09T23:04:48.538922,7.0,Day 0 - Monday 07:00,ADVEX-1,Advance Exchange,arrived,,,,,,,
base run,2026-07-09T23:04:48.538922,7.0,Day 0 - Monday 07:00,ADVEX-1,Advance Exchange,started,Tech 1,Station 1,,,,,
base run,2026-07-09T23:04:48.538922,7.066666666666666,Day 0 - Monday 07:04,ADVEX-1,Advance Exchange,finished,Tech 1,Station 1,0,repaired,0.0,0.06666666666666643,0.06666666666666667
base run,2026-07-09T23:04:48.538922,9.605390159286008,Day 0 - Monday 09:36,PROD-1,Production Failure,arrived,,,,,,,
base run,2026-07-09T23:04:48.538922,9.605390159286008,Day 0 - Monday 09:36,PROD-1,Production Failure,started,Tech 1,Station 1,,,,,
base run,2026-07-09T23:04:48.538922,10.105390159286008,Day 0 - Monday 10:06,PROD-1,Production Failure,finished,Tech 1,Station 1,0,rtv,0.0,0.5,0.5
base run,2026-07-09T23:04:48.538922,13.346588104044207,Day 0 - Monday 13:21,PROD-2,Production Failure,arrived,,,,,,,
base run,2026-07-09T23:04:48.538922,13.346588104044207,Day 0 - Monday 13:21,PROD-2,Production Failure,started,Tech 1,Station 1,,,,,
base run,2026-07-09T23:04:48.538922,13.846588104044207,Day 0 - Monday 13:51,PROD-2,Production Failure,finished,Tech 1,Station 1,0,rtv,0.0,0.5,0.5
base run,2026-07-09T23:04:48.538922,31.0,Day 1 - Tuesday 07:00,RMA-1,Customer RMA,arrived,,,,,,,
base run,2026-07-09T23:04:48.538922,31.0,Day 1 - Tuesday 07:00,RESHIP-1,Reship,arrived,,,,,,,
base run,2026-07-09T23:04:48.538922,31.0,Day 1 - Tuesday 07:00,RMA-1,Customer RMA,bumped,,,0.38333333333333336,,,,
base run,2026-07-09T23:04:48.538922,31.0,Day 1 - Tuesday 07:00,RESHIP-1,Reship,started,Tech 1,Station 1,,,,,
base run,2026-07-09T23:04:48.538922,32.86930032079293,Day 1 - Tuesday 08:52,RESHIP-1,Reship,finished,Tech 1,Station 1,0,reshipped,0.0,1.8693003207929308,1.869300320792934
base run,2026-07-09T23:04:48.538922,32.86930032079293,Day 1 - Tuesday 08:52,RMA-1,Customer RMA,started,Tech 1,Station 1,,,,,
base run,2026-07-09T23:04:48.538922,33.252633654126264,Day 1 - Tuesday 09:15,RMA-1,Customer RMA,finished,Tech 1,Station 1,0,repaired,1.8693003207929308,2.2526336541262637,0.38333333333333336
base run,2026-07-09T23:04:48.538922,55.0,Day 2 - Wednesday 07:00,RMA-2,Customer RMA,arrived,,,,,,,
base run,2026-07-09T23:04:48.538922,55.0,Day 2 - Wednesday 07:00,RESHIP-2,Reship,arrived,,,,,,,
base run,2026-07-09T23:04:48.538922,55.0,Day 2 - Wednesday 07:00,RMA-2,Customer RMA,bumped,,,2.1666666666666665,,,,
base run,2026-07-09T23:04:48.538922,55.0,Day 2 - Wednesday 07:00,PROD-3,Production Failure,arrived,,,,,,,
base run,2026-07-09T23:04:48.538922,55.0,Day 2 - Wednesday 07:00,RESHIP-2,Reship,started,Tech 1,Station 1,,,,,
base run,2026-07-09T23:04:48.538922,56.09671637683346,Day 2 - Wednesday 08:06,RESHIP-2,Reship,finished,Tech 1,Station 1,0,reshipped,0.0,1.096716376833463,1.096716376833464
base run,2026-07-09T23:04:48.538922,56.09671637683346,Day 2 - Wednesday 08:06,PROD-3,Production Failure,started,Tech 1,Station 1,,,,,
base run,2026-07-09T23:04:48.538922,56.59671637683346,Day 2 - Wednesday 08:36,PROD-3,Production Failure,finished,Tech 1,Station 1,0,rtv,1.096716376833463,1.596716376833463,0.5
base run,2026-07-09T23:04:48.538922,56.59671637683346,Day 2 - Wednesday 08:36,RMA-2,Customer RMA,started,Tech 1,Station 1,,,,,
base run,2026-07-09T23:04:48.538922,58.76338304350013,Day 2 - Wednesday 10:46,RMA-2,Customer RMA,finished,Tech 1,Station 1,0,rtv,1.596716376833463,3.763383043500127,2.1666666666666665
base run,2026-07-09T23:04:48.538922,79.0,Day 3 - Thursday 07:00,RMA-3,Customer RMA,arrived,,,,,,,
base run,2026-07-09T23:04:48.538922,79.0,Day 3 - Thursday 07:00,RMA-3,Customer RMA,started,Tech 1,Station 1,,,,,
base run,2026-07-09T23:04:48.538922,87.5,Day 3 - Thursday 15:30,RMA-3,Customer RMA,paused,Tech 1,Station 1,1.4499999999999993,,,,
base run,2026-07-09T23:04:48.538922,103.0,Day 4 - Friday 07:00,ADVEX-2,Advance Exchange,arrived,,,,,,,
base run,2026-07-09T23:04:48.538922,103.0,Day 4 - Friday 07:00,RMA-3,Customer RMA,interrupted,Tech 1,Station 1,1.4499999999999993,,,,
base run,2026-07-09T23:04:48.538922,103.0,Day 4 - Friday 07:00,ADVEX-2,Advance Exchange,started,Tech 1,Station 1,,,,,
base run,2026-07-09T23:04:48.538922,103.05,Day 4 - Friday 07:03,ADVEX-2,Advance Exchange,finished,Tech 1,Station 1,0,scrap,0.0,0.04999999999999716,0.05
base run,2026-07-09T23:04:48.538922,103.05,Day 4 - Friday 07:03,RMA-3,Customer RMA,started,Tech 1,Station 1,,,,,
base run,2026-07-09T23:04:48.538922,104.5,Day 4 - Friday 08:30,RMA-3,Customer RMA,finished,Tech 1,Station 1,0,rtv,0.0,25.5,9.95
base run,2026-07-09T23:04:48.538922,175.0,Day 7 - Monday 07:00,RESHIP-3,Reship,arrived,,,,,,,
base run,2026-07-09T23:04:48.538922,175.0,Day 7 - Monday 07:00,RESHIP-3,Reship,started,Tech 1,Station 1,,,,,
base run,2026-07-09T23:04:48.538922,176.7045718362149,Day 7 - Monday 08:42,RESHIP-3,Reship,finished,Tech 1,Station 1,0,reshipped,0.0,1.7045718362149103,1.7045718362149236
base run,2026-07-09T23:04:48.538922,343.0,Day 14 - Monday 07:00,ADVEX-3,Advance Exchange,arrived,,,,,,,
base run,2026-07-09T23:04:48.538922,343.0,Day 14 - Monday 07:00,ADVEX-3,Advance Exchange,started,Tech 1,Station 1,,,,,
base run,2026-07-09T23:04:48.538922,343.05,Day 14 - Monday 07:03,ADVEX-3,Advance Exchange,finished,Tech 1,Station 1,0,rtv,0.0,0.05000000000001137,0.05
extra gen tech,2026-07-09T23:04:48.662683,7.0,Day 0 - Monday 07:00,ADVEX-1,Advance Exchange,arrived,,,,,,,
extra gen tech,2026-07-09T23:04:48.662683,7.0,Day 0 - Monday 07:00,ADVEX-1,Advance Exchange,started,Tech 1,Station 1,,,,,
extra gen tech,2026-07-09T23:04:48.662683,7.066666666666666,Day 0 - Monday 07:04,ADVEX-1,Advance Exchange,finished,Tech 1,Station 1,0,repaired,0.0,0.06666666666666643,0.06666666666666667
extra gen tech,2026-07-09T23:04:48.662683,9.605390159286008,Day 0 - Monday 09:36,PROD-1,Production Failure,arrived,,,,,,,
extra gen tech,2026-07-09T23:04:48.662683,9.605390159286008,Day 0 - Monday 09:36,PROD-1,Production Failure,started,Tech 1,Station 1,,,,,
extra gen tech,2026-07-09T23:04:48.662683,10.105390159286008,Day 0 - Monday 10:06,PROD-1,Production Failure,finished,Tech 1,Station 1,0,rtv,0.0,0.5,0.5
extra gen tech,2026-07-09T23:04:48.662683,13.346588104044207,Day 0 - Monday 13:21,PROD-2,Production Failure,arrived,,,,,,,
extra gen tech,2026-07-09T23:04:48.662683,13.346588104044207,Day 0 - Monday 13:21,PROD-2,Production Failure,started,Tech 1,Station 1,,,,,
extra gen tech,2026-07-09T23:04:48.662683,13.846588104044207,Day 0 - Monday 13:51,PROD-2,Production Failure,finished,Tech 1,Station 1,0,rtv,0.0,0.5,0.5
extra gen tech,2026-07-09T23:04:48.662683,31.0,Day 1 - Tuesday 07:00,RMA-1,Customer RMA,arrived,,,,,,,
extra gen tech,2026-07-09T23:04:48.662683,31.0,Day 1 - Tuesday 07:00,RESHIP-1,Reship,arrived,,,,,,,
extra gen tech,2026-07-09T23:04:48.662683,31.0,Day 1 - Tuesday 07:00,RMA-1,Customer RMA,bumped,,,0.38333333333333336,,,,
extra gen tech,2026-07-09T23:04:48.662683,31.0,Day 1 - Tuesday 07:00,RESHIP-1,Reship,started,Tech 1,Station 1,,,,,
extra gen tech,2026-07-09T23:04:48.662683,32.86930032079293,Day 1 - Tuesday 08:52,RESHIP-1,Reship,finished,Tech 1,Station 1,0,reshipped,0.0,1.8693003207929308,1.869300320792934
extra gen tech,2026-07-09T23:04:48.662683,32.86930032079293,Day 1 - Tuesday 08:52,RMA-1,Customer RMA,started,Tech 1,Station 1,,,,,
extra gen tech,2026-07-09T23:04:48.662683,33.252633654126264,Day 1 - Tuesday 09:15,RMA-1,Customer RMA,finished,Tech 1,Station 1,0,repaired,1.8693003207929308,2.2526336541262637,0.38333333333333336
extra gen tech,2026-07-09T23:04:48.662683,55.0,Day 2 - Wednesday 07:00,RMA-2,Customer RMA,arrived,,,,,,,
extra gen tech,2026-07-09T23:04:48.662683,55.0,Day 2 - Wednesday 07:00,RESHIP-2,Reship,arrived,,,,,,,
extra gen tech,2026-07-09T23:04:48.662683,55.0,Day 2 - Wednesday 07:00,PROD-3,Production Failure,arrived,,,,,,,
extra gen tech,2026-07-09T23:04:48.662683,55.0,Day 2 - Wednesday 07:00,RMA-2,Customer RMA,bumped,,,2.1666666666666665,,,,
extra gen tech,2026-07-09T23:04:48.662683,55.0,Day 2 - Wednesday 07:00,RESHIP-2,Reship,started,Tech 1,Station 1,,,,,
extra gen tech,2026-07-09T23:04:48.662683,56.09671637683346,Day 2 - Wednesday 08:06,RESHIP-2,Reship,finished,Tech 1,Station 1,0,reshipped,0.0,1.096716376833463,1.096716376833464
extra gen tech,2026-07-09T23:04:48.662683,56.09671637683346,Day 2 - Wednesday 08:06,PROD-3,Production Failure,started,Tech 1,Station 1,,,,,
extra gen tech,2026-07-09T23:04:48.662683,56.59671637683346,Day 2 - Wednesday 08:36,PROD-3,Production Failure,finished,Tech 1,Station 1,0,rtv,1.096716376833463,1.596716376833463,0.5
extra gen tech,2026-07-09T23:04:48.662683,56.59671637683346,Day 2 - Wednesday 08:36,RMA-2,Customer RMA,started,Tech 1,Station 1,,,,,
extra gen tech,2026-07-09T23:04:48.662683,58.76338304350013,Day 2 - Wednesday 10:46,RMA-2,Customer RMA,finished,Tech 1,Station 1,0,rtv,1.596716376833463,3.763383043500127,2.1666666666666665
extra gen tech,2026-07-09T23:04:48.662683,79.0,Day 3 - Thursday 07:00,RMA-3,Customer RMA,arrived,,,,,,,
extra gen tech,2026-07-09T23:04:48.662683,79.0,Day 3 - Thursday 07:00,RMA-3,Customer RMA,started,Tech 1,Station 1,,,,,
extra gen tech,2026-07-09T23:04:48.662683,87.5,Day 3 - Thursday 15:30,RMA-3,Customer RMA,paused,Tech 1,Station 1,1.4499999999999993,,,,
extra gen tech,2026-07-09T23:04:48.662683,103.0,Day 4 - Friday 07:00,ADVEX-2,Advance Exchange,arrived,,,,,,,
extra gen tech,2026-07-09T23:04:48.662683,103.0,Day 4 - Friday 07:00,RMA-3,Customer RMA,interrupted,Tech 1,Station 1,1.4499999999999993,,,,
extra gen tech,2026-07-09T23:04:48.662683,103.0,Day 4 - Friday 07:00,ADVEX-2,Advance Exchange,started,Tech 1,Station 1,,,,,
extra gen tech,2026-07-09T23:04:48.662683,103.05,Day 4 - Friday 07:03,ADVEX-2,Advance Exchange,finished,Tech 1,Station 1,0,scrap,0.0,0.04999999999999716,0.05
extra gen tech,2026-07-09T23:04:48.662683,103.05,Day 4 - Friday 07:03,RMA-3,Customer RMA,started,Tech 1,Station 1,,,,,
extra gen tech,2026-07-09T23:04:48.662683,104.5,Day 4 - Friday 08:30,RMA-3,Customer RMA,finished,Tech 1,Station 1,0,rtv,0.0,25.5,9.95
extra gen tech,2026-07-09T23:04:48.662683,175.0,Day 7 - Monday 07:00,RESHIP-3,Reship,arrived,,,,,,,
extra gen tech,2026-07-09T23:04:48.662683,175.0,Day 7 - Monday 07:00,RESHIP-3,Reship,started,Tech 1,Station 1,,,,,
extra gen tech,2026-07-09T23:04:48.662683,176.7045718362149,Day 7 - Monday 08:42,RESHIP-3,Reship,finished,Tech 1,Station 1,0,reshipped,0.0,1.7045718362149103,1.7045718362149236
extra gen tech,2026-07-09T23:04:48.662683,343.0,Day 14 - Monday 07:00,ADVEX-3,Advance Exchange,arrived,,,,,,,
extra gen tech,2026-07-09T23:04:48.662683,343.0,Day 14 - Monday 07:00,ADVEX-3,Advance Exchange,started,Tech 1,Station 1,,,,,
extra gen tech,2026-07-09T23:04:48.662683,343.05,Day 14 - Monday 07:03,ADVEX-3,Advance Exchange,finished,Tech 1,Station 1,0,rtv,0.0,0.05000000000001137,0.05
extra spec tech,2026-07-09T23:04:48.780885,7.0,Day 0 - Monday 07:00,ADVEX-1,Advance Exchange,arrived,,,,,,,
extra spec tech,2026-07-09T23:04:48.780885,7.0,Day 0 - Monday 07:00,ADVEX-1,Advance Exchange,started,Tech 1,Station 1,,,,,
extra spec tech,2026-07-09T23:04:48.780885,7.066666666666666,Day 0 - Monday 07:04,ADVEX-1,Advance Exchange,finished,Tech 1,Station 1,0,repaired,0.0,0.06666666666666643,0.06666666666666667
extra spec tech,2026-07-09T23:04:48.780885,9.605390159286008,Day 0 - Monday 09:36,PROD-1,Production Failure,arrived,,,,,,,
extra spec tech,2026-07-09T23:04:48.780885,9.605390159286008,Day 0 - Monday 09:36,PROD-1,Production Failure,started,Tech 1,Station 1,,,,,
extra spec tech,2026-07-09T23:04:48.780885,10.105390159286008,Day 0 - Monday 10:06,PROD-1,Production Failure,finished,Tech 1,Station 1,0,rtv,0.0,0.5,0.5
extra spec tech,2026-07-09T23:04:48.780885,13.346588104044207,Day 0 - Monday 13:21,PROD-2,Production Failure,arrived,,,,,,,
extra spec tech,2026-07-09T23:04:48.780885,13.346588104044207,Day 0 - Monday 13:21,PROD-2,Production Failure,started,Tech 1,Station 1,,,,,
extra spec tech,2026-07-09T23:04:48.780885,13.846588104044207,Day 0 - Monday 13:51,PROD-2,Production Failure,finished,Tech 1,Station 1,0,rtv,0.0,0.5,0.5
extra spec tech,2026-07-09T23:04:48.780885,31.0,Day 1 - Tuesday 07:00,RMA-1,Customer RMA,arrived,,,,,,,
extra spec tech,2026-07-09T23:04:48.780885,31.0,Day 1 - Tuesday 07:00,RESHIP-1,Reship,arrived,,,,,,,
extra spec tech,2026-07-09T23:04:48.780885,31.0,Day 1 - Tuesday 07:00,RMA-1,Customer RMA,bumped,,,0.38333333333333336,,,,
extra spec tech,2026-07-09T23:04:48.780885,31.0,Day 1 - Tuesday 07:00,RESHIP-1,Reship,started,Tech 1,Station 1,,,,,
extra spec tech,2026-07-09T23:04:48.780885,32.86930032079293,Day 1 - Tuesday 08:52,RESHIP-1,Reship,finished,Tech 1,Station 1,0,reshipped,0.0,1.8693003207929308,1.869300320792934
extra spec tech,2026-07-09T23:04:48.780885,32.86930032079293,Day 1 - Tuesday 08:52,RMA-1,Customer RMA,started,Tech 1,Station 1,,,,,
extra spec tech,2026-07-09T23:04:48.780885,33.252633654126264,Day 1 - Tuesday 09:15,RMA-1,Customer RMA,finished,Tech 1,Station 1,0,repaired,1.8693003207929308,2.2526336541262637,0.38333333333333336
extra spec tech,2026-07-09T23:04:48.780885,55.0,Day 2 - Wednesday 07:00,RMA-2,Customer RMA,arrived,,,,,,,
extra spec tech,2026-07-09T23:04:48.780885,55.0,Day 2 - Wednesday 07:00,RESHIP-2,Reship,arrived,,,,,,,
extra spec tech,2026-07-09T23:04:48.780885,55.0,Day 2 - Wednesday 07:00,RMA-2,Customer RMA,bumped,,,2.1666666666666665,,,,
extra spec tech,2026-07-09T23:04:48.780885,55.0,Day 2 - Wednesday 07:00,PROD-3,Production Failure,arrived,,,,,,,
extra spec tech,2026-07-09T23:04:48.780885,55.0,Day 2 - Wednesday 07:00,RESHIP-2,Reship,started,Tech 1,Station 1,,,,,
extra spec tech,2026-07-09T23:04:48.780885,56.09671637683346,Day 2 - Wednesday 08:06,RESHIP-2,Reship,finished,Tech 1,Station 1,0,reshipped,0.0,1.096716376833463,1.096716376833464
extra spec tech,2026-07-09T23:04:48.780885,56.09671637683346,Day 2 - Wednesday 08:06,PROD-3,Production Failure,started,Tech 1,Station 1,,,,,
extra spec tech,2026-07-09T23:04:48.780885,56.59671637683346,Day 2 - Wednesday 08:36,PROD-3,Production Failure,finished,Tech 1,Station 1,0,rtv,1.096716376833463,1.596716376833463,0.5
extra spec tech,2026-07-09T23:04:48.780885,56.59671637683346,Day 2 - Wednesday 08:36,RMA-2,Customer RMA,started,Tech 1,Station 1,,,,,
extra spec tech,2026-07-09T23:04:48.780885,58.76338304350013,Day 2 - Wednesday 10:46,RMA-2,Customer RMA,finished,Tech 1,Station 1,0,rtv,1.596716376833463,3.763383043500127,2.1666666666666665
extra spec tech,2026-07-09T23:04:48.780885,79.0,Day 3 - Thursday 07:00,RMA-3,Customer RMA,arrived,,,,,,,
extra spec tech,2026-07-09T23:04:48.780885,79.0,Day 3 - Thursday 07:00,RMA-3,Customer RMA,started,Tech 1,Station 1,,,,,
extra spec tech,2026-07-09T23:04:48.780885,87.5,Day 3 - Thursday 15:30,RMA-3,Customer RMA,paused,Tech 1,Station 1,1.4499999999999993,,,,
extra spec tech,2026-07-09T23:04:48.780885,103.0,Day 4 - Friday 07:00,ADVEX-2,Advance Exchange,arrived,,,,,,,
extra spec tech,2026-07-09T23:04:48.780885,103.0,Day 4 - Friday 07:00,RMA-3,Customer RMA,interrupted,Tech 1,Station 1,1.4499999999999993,,,,
extra spec tech,2026-07-09T23:04:48.780885,103.0,Day 4 - Friday 07:00,ADVEX-2,Advance Exchange,started,Tech 1,Station 1,,,,,
extra spec tech,2026-07-09T23:04:48.780885,103.05,Day 4 - Friday 07:03,ADVEX-2,Advance Exchange,finished,Tech 1,Station 1,0,scrap,0.0,0.04999999999999716,0.05
extra spec tech,2026-07-09T23:04:48.780885,103.05,Day 4 - Friday 07:03,RMA-3,Customer RMA,started,Tech 1,Station 1,,,,,
extra spec tech,2026-07-09T23:04:48.780885,104.5,Day 4 - Friday 08:30,RMA-3,Customer RMA,finished,Tech 1,Station 1,0,rtv,0.0,25.5,9.95
extra spec tech,2026-07-09T23:04:48.780885,175.0,Day 7 - Monday 07:00,RESHIP-3,Reship,arrived,,,,,,,
extra spec tech,2026-07-09T23:04:48.780885,175.0,Day 7 - Monday 07:00,RESHIP-3,Reship,started,Tech 1,Station 1,,,,,
extra spec tech,2026-07-09T23:04:48.780885,176.7045718362149,Day 7 - Monday 08:42,RESHIP-3,Reship,finished,Tech 1,Station 1,0,reshipped,0.0,1.7045718362149103,1.7045718362149236
extra spec tech,2026-07-09T23:04:48.780885,343.0,Day 14 - Monday 07:00,ADVEX-3,Advance Exchange,arrived,,,,,,,
extra spec tech,2026-07-09T23:04:48.780885,343.0,Day 14 - Monday 07:00,ADVEX-3,Advance Exchange,started,Tech 1,Station 1,,,,,
extra spec tech,2026-07-09T23:04:48.780885,343.05,Day 14 - Monday 07:03,ADVEX-3,Advance Exchange,finished,Tech 1,Station 1,0,rtv,0.0,0.05000000000001137,0.05
extra gen station,2026-07-09T23:04:48.901956,7.0,Day 0 - Monday 07:00,ADVEX-1,Advance Exchange,arrived,,,,,,,
extra gen station,2026-07-09T23:04:48.901956,7.0,Day 0 - Monday 07:00,ADVEX-1,Advance Exchange,started,Tech 1,Station 1,,,,,
extra gen station,2026-07-09T23:04:48.901956,7.066666666666666,Day 0 - Monday 07:04,ADVEX-1,Advance Exchange,finished,Tech 1,Station 1,0,repaired,0.0,0.06666666666666643,0.06666666666666667
extra gen station,2026-07-09T23:04:48.901956,9.605390159286008,Day 0 - Monday 09:36,PROD-1,Production Failure,arrived,,,,,,,
extra gen station,2026-07-09T23:04:48.901956,9.605390159286008,Day 0 - Monday 09:36,PROD-1,Production Failure,started,Tech 1,Station 1,,,,,
extra gen station,2026-07-09T23:04:48.901956,10.105390159286008,Day 0 - Monday 10:06,PROD-1,Production Failure,finished,Tech 1,Station 1,0,rtv,0.0,0.5,0.5
extra gen station,2026-07-09T23:04:48.901956,13.346588104044207,Day 0 - Monday 13:21,PROD-2,Production Failure,arrived,,,,,,,
extra gen station,2026-07-09T23:04:48.901956,13.346588104044207,Day 0 - Monday 13:21,PROD-2,Production Failure,started,Tech 1,Station 1,,,,,
extra gen station,2026-07-09T23:04:48.901956,13.846588104044207,Day 0 - Monday 13:51,PROD-2,Production Failure,finished,Tech 1,Station 1,0,rtv,0.0,0.5,0.5
extra gen station,2026-07-09T23:04:48.901956,31.0,Day 1 - Tuesday 07:00,RMA-1,Customer RMA,arrived,,,,,,,
extra gen station,2026-07-09T23:04:48.901956,31.0,Day 1 - Tuesday 07:00,RESHIP-1,Reship,arrived,,,,,,,
extra gen station,2026-07-09T23:04:48.901956,31.0,Day 1 - Tuesday 07:00,RMA-1,Customer RMA,bumped,,,0.38333333333333336,,,,
extra gen station,2026-07-09T23:04:48.901956,31.0,Day 1 - Tuesday 07:00,RESHIP-1,Reship,started,Tech 1,Station 1,,,,,
extra gen station,2026-07-09T23:04:48.901956,32.86930032079293,Day 1 - Tuesday 08:52,RESHIP-1,Reship,finished,Tech 1,Station 1,0,reshipped,0.0,1.8693003207929308,1.869300320792934
extra gen station,2026-07-09T23:04:48.901956,32.86930032079293,Day 1 - Tuesday 08:52,RMA-1,Customer RMA,started,Tech 1,Station 1,,,,,
extra gen station,2026-07-09T23:04:48.901956,33.252633654126264,Day 1 - Tuesday 09:15,RMA-1,Customer RMA,finished,Tech 1,Station 1,0,repaired,1.8693003207929308,2.2526336541262637,0.38333333333333336
extra gen station,2026-07-09T23:04:48.901956,55.0,Day 2 - Wednesday 07:00,RMA-2,Customer RMA,arrived,,,,,,,
extra gen station,2026-07-09T23:04:48.901956,55.0,Day 2 - Wednesday 07:00,RESHIP-2,Reship,arrived,,,,,,,
extra gen station,2026-07-09T23:04:48.901956,55.0,Day 2 - Wednesday 07:00,RMA-2,Customer RMA,bumped,,,2.1666666666666665,,,,
extra gen station,2026-07-09T23:04:48.901956,55.0,Day 2 - Wednesday 07:00,PROD-3,Production Failure,arrived,,,,,,,
extra gen station,2026-07-09T23:04:48.901956,55.0,Day 2 - Wednesday 07:00,RESHIP-2,Reship,started,Tech 1,Station 1,,,,,
extra gen station,2026-07-09T23:04:48.901956,56.09671637683346,Day 2 - Wednesday 08:06,RESHIP-2,Reship,finished,Tech 1,Station 1,0,reshipped,0.0,1.096716376833463,1.096716376833464
extra gen station,2026-07-09T23:04:48.901956,56.09671637683346,Day 2 - Wednesday 08:06,PROD-3,Production Failure,started,Tech 1,Station 1,,,,,
extra gen station,2026-07-09T23:04:48.901956,56.59671637683346,Day 2 - Wednesday 08:36,PROD-3,Production Failure,finished,Tech 1,Station 1,0,rtv,1.096716376833463,1.596716376833463,0.5
extra gen station,2026-07-09T23:04:48.901956,56.59671637683346,Day 2 - Wednesday 08:36,RMA-2,Customer RMA,started,Tech 1,Station 1,,,,,
extra gen station,2026-07-09T23:04:48.901956,58.76338304350013,Day 2 - Wednesday 10:46,RMA-2,Customer RMA,finished,Tech 1,Station 1,0,rtv,1.596716376833463,3.763383043500127,2.1666666666666665
extra gen station,2026-07-09T23:04:48.901956,79.0,Day 3 - Thursday 07:00,RMA-3,Customer RMA,arrived,,,,,,,
extra gen station,2026-07-09T23:04:48.901956,79.0,Day 3 - Thursday 07:00,RMA-3,Customer RMA,started,Tech 1,Station 1,,,,,
extra gen station,2026-07-09T23:04:48.901956,87.5,Day 3 - Thursday 15:30,RMA-3,Customer RMA,paused,Tech 1,Station 1,1.4499999999999993,,,,
extra gen station,2026-07-09T23:04:48.901956,103.0,Day 4 - Friday 07:00,ADVEX-2,Advance Exchange,arrived,,,,,,,
extra gen station,2026-07-09T23:04:48.901956,103.0,Day 4 - Friday 07:00,RMA-3,Customer RMA,interrupted,Tech 1,Station 1,1.4499999999999993,,,,
extra gen station,2026-07-09T23:04:48.901956,103.0,Day 4 - Friday 07:00,ADVEX-2,Advance Exchange,started,Tech 1,Station 1,,,,,
extra gen station,2026-07-09T23:04:48.901956,103.05,Day 4 - Friday 07:03,ADVEX-2,Advance Exchange,finished,Tech 1,Station 1,0,scrap,0.0,0.04999999999999716,0.05
extra gen station,2026-07-09T23:04:48.901956,103.05,Day 4 - Friday 07:03,RMA-3,Customer RMA,started,Tech 1,Station 1,,,,,
extra gen station,2026-07-09T23:04:48.901956,104.5,Day 4 - Friday 08:30,RMA-3,Customer RMA,finished,Tech 1,Station 1,0,rtv,0.0,25.5,9.95
extra gen station,2026-07-09T23:04:48.901956,175.0,Day 7 - Monday 07:00,RESHIP-3,Reship,arrived,,,,,,,
extra gen station,2026-07-09T23:04:48.901956,175.0,Day 7 - Monday 07:00,RESHIP-3,Reship,started,Tech 1,Station 1,,,,,
extra gen station,2026-07-09T23:04:48.901956,176.7045718362149,Day 7 - Monday 08:42,RESHIP-3,Reship,finished,Tech 1,Station 1,0,reshipped,0.0,1.7045718362149103,1.7045718362149236
extra gen station,2026-07-09T23:04:48.901956,343.0,Day 14 - Monday 07:00,ADVEX-3,Advance Exchange,arrived,,,,,,,
extra gen station,2026-07-09T23:04:48.901956,343.0,Day 14 - Monday 07:00,ADVEX-3,Advance Exchange,started,Tech 1,Station 1,,,,,
extra gen station,2026-07-09T23:04:48.901956,343.05,Day 14 - Monday 07:03,ADVEX-3,Advance Exchange,finished,Tech 1,Station 1,0,rtv,0.0,0.05000000000001137,0.05
extra spec station,2026-07-09T23:04:49.023084,7.0,Day 0 - Monday 07:00,ADVEX-1,Advance Exchange,arrived,,,,,,,
extra spec station,2026-07-09T23:04:49.023084,7.0,Day 0 - Monday 07:00,ADVEX-1,Advance Exchange,started,Tech 1,Station 1,,,,,
extra spec station,2026-07-09T23:04:49.023084,7.066666666666666,Day 0 - Monday 07:04,ADVEX-1,Advance Exchange,finished,Tech 1,Station 1,0,repaired,0.0,0.06666666666666643,0.06666666666666667
extra spec station,2026-07-09T23:04:49.023084,9.605390159286008,Day 0 - Monday 09:36,PROD-1,Production Failure,arrived,,,,,,,
extra spec station,2026-07-09T23:04:49.023084,9.605390159286008,Day 0 - Monday 09:36,PROD-1,Production Failure,started,Tech 1,Station 1,,,,,
extra spec station,2026-07-09T23:04:49.023084,10.105390159286008,Day 0 - Monday 10:06,PROD-1,Production Failure,finished,Tech 1,Station 1,0,rtv,0.0,0.5,0.5
extra spec station,2026-07-09T23:04:49.023084,13.346588104044207,Day 0 - Monday 13:21,PROD-2,Production Failure,arrived,,,,,,,
extra spec station,2026-07-09T23:04:49.023084,13.346588104044207,Day 0 - Monday 13:21,PROD-2,Production Failure,started,Tech 1,Station 1,,,,,
extra spec station,2026-07-09T23:04:49.023084,13.846588104044207,Day 0 - Monday 13:51,PROD-2,Production Failure,finished,Tech 1,Station 1,0,rtv,0.0,0.5,0.5
extra spec station,2026-07-09T23:04:49.023084,31.0,Day 1 - Tuesday 07:00,RMA-1,Customer RMA,arrived,,,,,,,
extra spec station,2026-07-09T23:04:49.023084,31.0,Day 1 - Tuesday 07:00,RESHIP-1,Reship,arrived,,,,,,,
extra spec station,2026-07-09T23:04:49.023084,31.0,Day 1 - Tuesday 07:00,RMA-1,Customer RMA,bumped,,,0.38333333333333336,,,,
extra spec station,2026-07-09T23:04:49.023084,31.0,Day 1 - Tuesday 07:00,RESHIP-1,Reship,started,Tech 1,Station 1,,,,,
extra spec station,2026-07-09T23:04:49.023084,32.86930032079293,Day 1 - Tuesday 08:52,RESHIP-1,Reship,finished,Tech 1,Station 1,0,reshipped,0.0,1.8693003207929308,1.869300320792934
extra spec station,2026-07-09T23:04:49.023084,32.86930032079293,Day 1 - Tuesday 08:52,RMA-1,Customer RMA,started,Tech 1,Station 1,,,,,
extra spec station,2026-07-09T23:04:49.023084,33.252633654126264,Day 1 - Tuesday 09:15,RMA-1,Customer RMA,finished,Tech 1,Station 1,0,repaired,1.8693003207929308,2.2526336541262637,0.38333333333333336
extra spec station,2026-07-09T23:04:49.023084,55.0,Day 2 - Wednesday 07:00,RMA-2,Customer RMA,arrived,,,,,,,
extra spec station,2026-07-09T23:04:49.023084,55.0,Day 2 - Wednesday 07:00,RESHIP-2,Reship,arrived,,,,,,,
extra spec station,2026-07-09T23:04:49.023084,55.0,Day 2 - Wednesday 07:00,RMA-2,Customer RMA,bumped,,,2.1666666666666665,,,,
extra spec station,2026-07-09T23:04:49.023084,55.0,Day 2 - Wednesday 07:00,PROD-3,Production Failure,arrived,,,,,,,
extra spec station,2026-07-09T23:04:49.023084,55.0,Day 2 - Wednesday 07:00,RESHIP-2,Reship,started,Tech 1,Station 1,,,,,
extra spec station,2026-07-09T23:04:49.023084,56.09671637683346,Day 2 - Wednesday 08:06,RESHIP-2,Reship,finished,Tech 1,Station 1,0,reshipped,0.0,1.096716376833463,1.096716376833464
extra spec station,2026-07-09T23:04:49.023084,56.09671637683346,Day 2 - Wednesday 08:06,PROD-3,Production Failure,started,Tech 1,Station 1,,,,,
extra spec station,2026-07-09T23:04:49.023084,56.59671637683346,Day 2 - Wednesday 08:36,PROD-3,Production Failure,finished,Tech 1,Station 1,0,rtv,1.096716376833463,1.596716376833463,0.5
extra spec station,2026-07-09T23:04:49.023084,56.59671637683346,Day 2 - Wednesday 08:36,RMA-2,Customer RMA,started,Tech 1,Station 1,,,,,
extra spec station,2026-07-09T23:04:49.023084,58.76338304350013,Day 2 - Wednesday 10:46,RMA-2,Customer RMA,finished,Tech 1,Station 1,0,rtv,1.596716376833463,3.763383043500127,2.1666666666666665
extra spec station,2026-07-09T23:04:49.023084,79.0,Day 3 - Thursday 07:00,RMA-3,Customer RMA,arrived,,,,,,,
extra spec station,2026-07-09T23:04:49.023084,79.0,Day 3 - Thursday 07:00,RMA-3,Customer RMA,started,Tech 1,Station 1,,,,,
extra spec station,2026-07-09T23:04:49.023084,87.5,Day 3 - Thursday 15:30,RMA-3,Customer RMA,paused,Tech 1,Station 1,1.4499999999999993,,,,
extra spec station,2026-07-09T23:04:49.023084,103.0,Day 4 - Friday 07:00,ADVEX-2,Advance Exchange,arrived,,,,,,,
extra spec station,2026-07-09T23:04:49.023084,103.0,Day 4 - Friday 07:00,RMA-3,Customer RMA,interrupted,Tech 1,Station 1,1.4499999999999993,,,,
extra spec station,2026-07-09T23:04:49.023084,103.0,Day 4 - Friday 07:00,ADVEX-2,Advance Exchange,started,Tech 1,Station 1,,,,,
extra spec station,2026-07-09T23:04:49.023084,103.05,Day 4 - Friday 07:03,ADVEX-2,Advance Exchange,finished,Tech 1,Station 1,0,scrap,0.0,0.04999999999999716,0.05
extra spec station,2026-07-09T23:04:49.023084,103.05,Day 4 - Friday 07:03,RMA-3,Customer RMA,started,Tech 1,Station 1,,,,,
extra spec station,2026-07-09T23:04:49.023084,104.5,Day 4 - Friday 08:30,RMA-3,Customer RMA,finished,Tech 1,Station 1,0,rtv,0.0,25.5,9.95
extra spec station,2026-07-09T23:04:49.023084,175.0,Day 7 - Monday 07:00,RESHIP-3,Reship,arrived,,,,,,,
extra spec station,2026-07-09T23:04:49.023084,175.0,Day 7 - Monday 07:00,RESHIP-3,Reship,started,Tech 1,Station 1,,,,,
extra spec station,2026-07-09T23:04:49.023084,176.7045718362149,Day 7 - Monday 08:42,RESHIP-3,Reship,finished,Tech 1,Station 1,0,reshipped,0.0,1.7045718362149103,1.7045718362149236
extra spec station,2026-07-09T23:04:49.023084,343.0,Day 14 - Monday 07:00,ADVEX-3,Advance Exchange,arrived,,,,,,,
extra spec station,2026-07-09T23:04:49.023084,343.0,Day 14 - Monday 07:00,ADVEX-3,Advance Exchange,started,Tech 1,Station 1,,,,,
extra spec station,2026-07-09T23:04:49.023084,343.05,Day 14 - Monday 07:03,ADVEX-3,Advance Exchange,finished,Tech 1,Station 1,0,rtv,0.0,0.05000000000001137,0.05
+1 of all,2026-07-09T23:04:49.185529,7.0,Day 0 - Monday 07:00,ADVEX-1,Advance Exchange,arrived,,,,,,,
+1 of all,2026-07-09T23:04:49.185529,7.0,Day 0 - Monday 07:00,ADVEX-1,Advance Exchange,started,Tech 1,Station 1,,,,,
+1 of all,2026-07-09T23:04:49.185529,7.066666666666666,Day 0 - Monday 07:04,ADVEX-1,Advance Exchange,finished,Tech 1,Station 1,0,repaired,0.0,0.06666666666666643,0.06666666666666667
+1 of all,2026-07-09T23:04:49.185529,9.605390159286008,Day 0 - Monday 09:36,PROD-1,Production Failure,arrived,,,,,,,
+1 of all,2026-07-09T23:04:49.185529,9.605390159286008,Day 0 - Monday 09:36,PROD-1,Production Failure,started,Tech 1,Station 1,,,,,
+1 of all,2026-07-09T23:04:49.185529,10.105390159286008,Day 0 - Monday 10:06,PROD-1,Production Failure,finished,Tech 1,Station 1,0,rtv,0.0,0.5,0.5
+1 of all,2026-07-09T23:04:49.185529,13.346588104044207,Day 0 - Monday 13:21,PROD-2,Production Failure,arrived,,,,,,,
+1 of all,2026-07-09T23:04:49.185529,13.346588104044207,Day 0 - Monday 13:21,PROD-2,Production Failure,started,Tech 1,Station 1,,,,,
+1 of all,2026-07-09T23:04:49.185529,13.846588104044207,Day 0 - Monday 13:51,PROD-2,Production Failure,finished,Tech 1,Station 1,0,rtv,0.0,0.5,0.5
+1 of all,2026-07-09T23:04:49.185529,31.0,Day 1 - Tuesday 07:00,RMA-1,Customer RMA,arrived,,,,,,,
+1 of all,2026-07-09T23:04:49.185529,31.0,Day 1 - Tuesday 07:00,RESHIP-1,Reship,arrived,,,,,,,
+1 of all,2026-07-09T23:04:49.185529,31.0,Day 1 - Tuesday 07:00,RMA-1,Customer RMA,started,Tech 1,Station 1,,,,,
+1 of all,2026-07-09T23:04:49.185529,31.0,Day 1 - Tuesday 07:00,RESHIP-1,Reship,started,Tech 2,Station 2,,,,,
+1 of all,2026-07-09T23:04:49.185529,31.383333333333333,Day 1 - Tuesday 07:23,RMA-1,Customer RMA,finished,Tech 1,Station 1,0,repaired,0.0,0.38333333333333286,0.38333333333333336
+1 of all,2026-07-09T23:04:49.185529,32.86930032079293,Day 1 - Tuesday 08:52,RESHIP-1,Reship,finished,Tech 2,Station 2,0,reshipped,0.0,1.8693003207929308,1.869300320792934
+1 of all,2026-07-09T23:04:49.185529,55.0,Day 2 - Wednesday 07:00,RMA-2,Customer RMA,arrived,,,,,,,
+1 of all,2026-07-09T23:04:49.185529,55.0,Day 2 - Wednesday 07:00,RESHIP-2,Reship,arrived,,,,,,,
+1 of all,2026-07-09T23:04:49.185529,55.0,Day 2 - Wednesday 07:00,PROD-3,Production Failure,arrived,,,,,,,
+1 of all,2026-07-09T23:04:49.185529,55.0,Day 2 - Wednesday 07:00,RMA-2,Customer RMA,bumped,,,2.1666666666666665,,,,
+1 of all,2026-07-09T23:04:49.185529,55.0,Day 2 - Wednesday 07:00,RESHIP-2,Reship,started,Tech 1,Station 1,,,,,
+1 of all,2026-07-09T23:04:49.185529,55.0,Day 2 - Wednesday 07:00,PROD-3,Production Failure,started,Tech 2,Station 2,,,,,
+1 of all,2026-07-09T23:04:49.185529,55.5,Day 2 - Wednesday 07:30,PROD-3,Production Failure,finished,Tech 2,Station 2,0,rtv,0.0,0.5,0.5
+1 of all,2026-07-09T23:04:49.185529,55.5,Day 2 - Wednesday 07:30,RMA-2,Customer RMA,started,Tech 2,Station 2,,,,,
+1 of all,2026-07-09T23:04:49.185529,56.09671637683346,Day 2 - Wednesday 08:06,RESHIP-2,Reship,finished,Tech 1,Station 1,0,reshipped,0.0,1.096716376833463,1.096716376833464
+1 of all,2026-07-09T23:04:49.185529,57.666666666666664,Day 2 - Wednesday 09:40,RMA-2,Customer RMA,finished,Tech 2,Station 2,0,rtv,0.5,2.6666666666666643,2.1666666666666665
+1 of all,2026-07-09T23:04:49.185529,79.0,Day 3 - Thursday 07:00,RMA-3,Customer RMA,arrived,,,,,,,
+1 of all,2026-07-09T23:04:49.185529,79.0,Day 3 - Thursday 07:00,RMA-3,Customer RMA,started,Tech 1,Station 1,,,,,
+1 of all,2026-07-09T23:04:49.185529,87.5,Day 3 - Thursday 15:30,RMA-3,Customer RMA,paused,Tech 1,Station 1,1.4499999999999993,,,,
+1 of all,2026-07-09T23:04:49.185529,103.0,Day 4 - Friday 07:00,ADVEX-2,Advance Exchange,arrived,,,,,,,
+1 of all,2026-07-09T23:04:49.185529,103.0,Day 4 - Friday 07:00,ADVEX-2,Advance Exchange,started,Tech 2,Station 2,,,,,
+1 of all,2026-07-09T23:04:49.185529,103.05,Day 4 - Friday 07:03,ADVEX-2,Advance Exchange,finished,Tech 2,Station 2,0,scrap,0.0,0.04999999999999716,0.05
+1 of all,2026-07-09T23:04:49.185529,104.45,Day 4 - Friday 08:27,RMA-3,Customer RMA,finished,Tech 1,Station 1,0,rtv,0.0,25.450000000000003,9.95
+1 of all,2026-07-09T23:04:49.185529,175.0,Day 7 - Monday 07:00,RESHIP-3,Reship,arrived,,,,,,,
+1 of all,2026-07-09T23:04:49.185529,175.0,Day 7 - Monday 07:00,RESHIP-3,Reship,started,Tech 1,Station 1,,,,,
+1 of all,2026-07-09T23:04:49.185529,176.7045718362149,Day 7 - Monday 08:42,RESHIP-3,Reship,finished,Tech 1,Station 1,0,reshipped,0.0,1.7045718362149103,1.7045718362149236
+1 of all,2026-07-09T23:04:49.185529,343.0,Day 14 - Monday 07:00,ADVEX-3,Advance Exchange,arrived,,,,,,,
+1 of all,2026-07-09T23:04:49.185529,343.0,Day 14 - Monday 07:00,ADVEX-3,Advance Exchange,started,Tech 1,Station 1,,,,,
+1 of all,2026-07-09T23:04:49.185529,343.05,Day 14 - Monday 07:03,ADVEX-3,Advance Exchange,finished,Tech 1,Station 1,0,rtv,0.0,0.05000000000001137,0.05
no preemption,2026-07-09T23:04:49.308434,7.0,Day 0 - Monday 07:00,ADVEX-1,Advance Exchange,arrived,,,,,,,
no preemption,2026-07-09T23:04:49.308434,7.0,Day 0 - Monday 07:00,ADVEX-1,Advance Exchange,started,Tech 1,Station 1,,,,,
no preemption,2026-07-09T23:04:49.308434,7.066666666666666,Day 0 - Monday 07:04,ADVEX-1,Advance Exchange,finished,Tech 1,Station 1,0,repaired,0.0,0.06666666666666643,0.06666666666666667
no preemption,2026-07-09T23:04:49.308434,9.605390159286008,Day 0 - Monday 09:36,PROD-1,Production Failure,arrived,,,,,,,
no preemption,2026-07-09T23:04:49.308434,9.605390159286008,Day 0 - Monday 09:36,PROD-1,Production Failure,started,Tech 1,Station 1,,,,,
no preemption,2026-07-09T23:04:49.308434,10.105390159286008,Day 0 - Monday 10:06,PROD-1,Production Failure,finished,Tech 1,Station 1,0,rtv,0.0,0.5,0.5
no preemption,2026-07-09T23:04:49.308434,13.346588104044207,Day 0 - Monday 13:21,PROD-2,Production Failure,arrived,,,,,,,
no preemption,2026-07-09T23:04:49.308434,13.346588104044207,Day 0 - Monday 13:21,PROD-2,Production Failure,started,Tech 1,Station 1,,,,,
no preemption,2026-07-09T23:04:49.308434,13.846588104044207,Day 0 - Monday 13:51,PROD-2,Production Failure,finished,Tech 1,Station 1,0,rtv,0.0,0.5,0.5
no preemption,2026-07-09T23:04:49.308434,31.0,Day 1 - Tuesday 07:00,RMA-1,Customer RMA,arrived,,,,,,,
no preemption,2026-07-09T23:04:49.308434,31.0,Day 1 - Tuesday 07:00,RESHIP-1,Reship,arrived,,,,,,,
no preemption,2026-07-09T23:04:49.308434,31.0,Day 1 - Tuesday 07:00,RMA-1,Customer RMA,started,Tech 1,Station 1,,,,,
no preemption,2026-07-09T23:04:49.308434,31.383333333333333,Day 1 - Tuesday 07:23,RMA-1,Customer RMA,finished,Tech 1,Station 1,0,repaired,0.0,0.38333333333333286,0.38333333333333336
no preemption,2026-07-09T23:04:49.308434,31.383333333333333,Day 1 - Tuesday 07:23,RESHIP-1,Reship,started,Tech 1,Station 1,,,,,
no preemption,2026-07-09T23:04:49.308434,33.252633654126264,Day 1 - Tuesday 09:15,RESHIP-1,Reship,finished,Tech 1,Station 1,0,reshipped,0.38333333333333286,2.2526336541262637,1.869300320792934
no preemption,2026-07-09T23:04:49.308434,55.0,Day 2 - Wednesday 07:00,RMA-2,Customer RMA,arrived,,,,,,,
no preemption,2026-07-09T23:04:49.308434,55.0,Day 2 - Wednesday 07:00,RESHIP-2,Reship,arrived,,,,,,,
no preemption,2026-07-09T23:04:49.308434,55.0,Day 2 - Wednesday 07:00,PROD-3,Production Failure,arrived,,,,,,,
no preemption,2026-07-09T23:04:49.308434,55.0,Day 2 - Wednesday 07:00,RMA-2,Customer RMA,started,Tech 1,Station 1,,,,,
no preemption,2026-07-09T23:04:49.308434,57.166666666666664,Day 2 - Wednesday 09:10,RMA-2,Customer RMA,finished,Tech 1,Station 1,0,rtv,0.0,2.1666666666666643,2.1666666666666665
no preemption,2026-07-09T23:04:49.308434,57.166666666666664,Day 2 - Wednesday 09:10,RESHIP-2,Reship,started,Tech 1,Station 1,,,,,
no preemption,2026-07-09T23:04:49.308434,58.26338304350013,Day 2 - Wednesday 10:16,RESHIP-2,Reship,finished,Tech 1,Station 1,0,reshipped,2.1666666666666643,3.263383043500127,1.096716376833464
no preemption,2026-07-09T23:04:49.308434,58.26338304350013,Day 2 - Wednesday 10:16,PROD-3,Production Failure,started,Tech 1,Station 1,,,,,
no preemption,2026-07-09T23:04:49.308434,58.76338304350013,Day 2 - Wednesday 10:46,PROD-3,Production Failure,finished,Tech 1,Station 1,0,rtv,3.263383043500127,3.763383043500127,0.5
no preemption,2026-07-09T23:04:49.308434,79.0,Day 3 - Thursday 07:00,RMA-3,Customer RMA,arrived,,,,,,,
no preemption,2026-07-09T23:04:49.308434,79.0,Day 3 - Thursday 07:00,RMA-3,Customer RMA,started,Tech 1,Station 1,,,,,
no preemption,2026-07-09T23:04:49.308434,87.5,Day 3 - Thursday 15:30,RMA-3,Customer RMA,paused,Tech 1,Station 1,1.4499999999999993,,,,
no preemption,2026-07-09T23:04:49.308434,103.0,Day 4 - Friday 07:00,ADVEX-2,Advance Exchange,arrived,,,,,,,
no preemption,2026-07-09T23:04:49.308434,104.45,Day 4 - Friday 08:27,RMA-3,Customer RMA,finished,Tech 1,Station 1,0,rtv,0.0,25.450000000000003,9.95
no preemption,2026-07-09T23:04:49.308434,104.45,Day 4 - Friday 08:27,ADVEX-2,Advance Exchange,started,Tech 1,Station 1,,,,,
no preemption,2026-07-09T23:04:49.308434,104.5,Day 4 - Friday 08:30,ADVEX-2,Advance Exchange,finished,Tech 1,Station 1,0,scrap,1.4500000000000028,1.5,0.05
no preemption,2026-07-09T23:04:49.308434,175.0,Day 7 - Monday 07:00,RESHIP-3,Reship,arrived,,,,,,,
no preemption,2026-07-09T23:04:49.308434,175.0,Day 7 - Monday 07:00,RESHIP-3,Reship,started,Tech 1,Station 1,,,,,
no preemption,2026-07-09T23:04:49.308434,176.7045718362149,Day 7 - Monday 08:42,RESHIP-3,Reship,finished,Tech 1,Station 1,0,reshipped,0.0,1.7045718362149103,1.7045718362149236
no preemption,2026-07-09T23:04:49.308434,343.0,Day 14 - Monday 07:00,ADVEX-3,Advance Exchange,arrived,,,,,,,
no preemption,2026-07-09T23:04:49.308434,343.0,Day 14 - Monday 07:00,ADVEX-3,Advance Exchange,started,Tech 1,Station 1,,,,,
no preemption,2026-07-09T23:04:49.308434,343.05,Day 14 - Monday 07:03,ADVEX-3,Advance Exchange,finished,Tech 1,Station 1,0,rtv,0.0,0.05000000000001137,0.05
no preemption and +1 spec tech,2026-07-09T23:04:49.446694,7.0,Day 0 - Monday 07:00,ADVEX-1,Advance Exchange,arrived,,,,,,,
no preemption and +1 spec tech,2026-07-09T23:04:49.446694,7.0,Day 0 - Monday 07:00,ADVEX-1,Advance Exchange,started,Tech 1,Station 1,,,,,
no preemption and +1 spec tech,2026-07-09T23:04:49.446694,7.066666666666666,Day 0 - Monday 07:04,ADVEX-1,Advance Exchange,finished,Tech 1,Station 1,0,repaired,0.0,0.06666666666666643,0.06666666666666667
no preemption and +1 spec tech,2026-07-09T23:04:49.446694,9.605390159286008,Day 0 - Monday 09:36,PROD-1,Production Failure,arrived,,,,,,,
no preemption and +1 spec tech,2026-07-09T23:04:49.446694,9.605390159286008,Day 0 - Monday 09:36,PROD-1,Production Failure,started,Tech 1,Station 1,,,,,
no preemption and +1 spec tech,2026-07-09T23:04:49.446694,10.105390159286008,Day 0 - Monday 10:06,PROD-1,Production Failure,finished,Tech 1,Station 1,0,rtv,0.0,0.5,0.5
no preemption and +1 spec tech,2026-07-09T23:04:49.446694,13.346588104044207,Day 0 - Monday 13:21,PROD-2,Production Failure,arrived,,,,,,,
no preemption and +1 spec tech,2026-07-09T23:04:49.446694,13.346588104044207,Day 0 - Monday 13:21,PROD-2,Production Failure,started,Tech 1,Station 1,,,,,
no preemption and +1 spec tech,2026-07-09T23:04:49.446694,13.846588104044207,Day 0 - Monday 13:51,PROD-2,Production Failure,finished,Tech 1,Station 1,0,rtv,0.0,0.5,0.5
no preemption and +1 spec tech,2026-07-09T23:04:49.446694,31.0,Day 1 - Tuesday 07:00,RMA-1,Customer RMA,arrived,,,,,,,
no preemption and +1 spec tech,2026-07-09T23:04:49.446694,31.0,Day 1 - Tuesday 07:00,RESHIP-1,Reship,arrived,,,,,,,
no preemption and +1 spec tech,2026-07-09T23:04:49.446694,31.0,Day 1 - Tuesday 07:00,RMA-1,Customer RMA,started,Tech 1,Station 1,,,,,
no preemption and +1 spec tech,2026-07-09T23:04:49.446694,31.383333333333333,Day 1 - Tuesday 07:23,RMA-1,Customer RMA,finished,Tech 1,Station 1,0,repaired,0.0,0.38333333333333286,0.38333333333333336
no preemption and +1 spec tech,2026-07-09T23:04:49.446694,31.383333333333333,Day 1 - Tuesday 07:23,RESHIP-1,Reship,started,Tech 1,Station 1,,,,,
no preemption and +1 spec tech,2026-07-09T23:04:49.446694,33.252633654126264,Day 1 - Tuesday 09:15,RESHIP-1,Reship,finished,Tech 1,Station 1,0,reshipped,0.38333333333333286,2.2526336541262637,1.869300320792934
no preemption and +1 spec tech,2026-07-09T23:04:49.446694,55.0,Day 2 - Wednesday 07:00,RMA-2,Customer RMA,arrived,,,,,,,
no preemption and +1 spec tech,2026-07-09T23:04:49.446694,55.0,Day 2 - Wednesday 07:00,RESHIP-2,Reship,arrived,,,,,,,
no preemption and +1 spec tech,2026-07-09T23:04:49.446694,55.0,Day 2 - Wednesday 07:00,PROD-3,Production Failure,arrived,,,,,,,
no preemption and +1 spec tech,2026-07-09T23:04:49.446694,55.0,Day 2 - Wednesday 07:00,RMA-2,Customer RMA,started,Tech 1,Station 1,,,,,
no preemption and +1 spec tech,2026-07-09T23:04:49.446694,57.166666666666664,Day 2 - Wednesday 09:10,RMA-2,Customer RMA,finished,Tech 1,Station 1,0,rtv,0.0,2.1666666666666643,2.1666666666666665
no preemption and +1 spec tech,2026-07-09T23:04:49.446694,57.166666666666664,Day 2 - Wednesday 09:10,RESHIP-2,Reship,started,Tech 1,Station 1,,,,,
no preemption and +1 spec tech,2026-07-09T23:04:49.446694,58.26338304350013,Day 2 - Wednesday 10:16,RESHIP-2,Reship,finished,Tech 1,Station 1,0,reshipped,2.1666666666666643,3.263383043500127,1.096716376833464
no preemption and +1 spec tech,2026-07-09T23:04:49.446694,58.26338304350013,Day 2 - Wednesday 10:16,PROD-3,Production Failure,started,Tech 1,Station 1,,,,,
no preemption and +1 spec tech,2026-07-09T23:04:49.446694,58.76338304350013,Day 2 - Wednesday 10:46,PROD-3,Production Failure,finished,Tech 1,Station 1,0,rtv,3.263383043500127,3.763383043500127,0.5
no preemption and +1 spec tech,2026-07-09T23:04:49.446694,79.0,Day 3 - Thursday 07:00,RMA-3,Customer RMA,arrived,,,,,,,
no preemption and +1 spec tech,2026-07-09T23:04:49.446694,79.0,Day 3 - Thursday 07:00,RMA-3,Customer RMA,started,Tech 1,Station 1,,,,,
no preemption and +1 spec tech,2026-07-09T23:04:49.446694,87.5,Day 3 - Thursday 15:30,RMA-3,Customer RMA,paused,Tech 1,Station 1,1.4499999999999993,,,,
no preemption and +1 spec tech,2026-07-09T23:04:49.446694,103.0,Day 4 - Friday 07:00,ADVEX-2,Advance Exchange,arrived,,,,,,,
no preemption and +1 spec tech,2026-07-09T23:04:49.446694,104.45,Day 4 - Friday 08:27,RMA-3,Customer RMA,finished,Tech 1,Station 1,0,rtv,0.0,25.450000000000003,9.95
no preemption and +1 spec tech,2026-07-09T23:04:49.446694,104.45,Day 4 - Friday 08:27,ADVEX-2,Advance Exchange,started,Tech 1,Station 1,,,,,
no preemption and +1 spec tech,2026-07-09T23:04:49.446694,104.5,Day 4 - Friday 08:30,ADVEX-2,Advance Exchange,finished,Tech 1,Station 1,0,scrap,1.4500000000000028,1.5,0.05
no preemption and +1 spec tech,2026-07-09T23:04:49.446694,175.0,Day 7 - Monday 07:00,RESHIP-3,Reship,arrived,,,,,,,
no preemption and +1 spec tech,2026-07-09T23:04:49.446694,175.0,Day 7 - Monday 07:00,RESHIP-3,Reship,started,Tech 1,Station 1,,,,,
no preemption and +1 spec tech,2026-07-09T23:04:49.446694,176.7045718362149,Day 7 - Monday 08:42,RESHIP-3,Reship,finished,Tech 1,Station 1,0,reshipped,0.0,1.7045718362149103,1.7045718362149236
no preemption and +1 spec tech,2026-07-09T23:04:49.446694,343.0,Day 14 - Monday 07:00,ADVEX-3,Advance Exchange,arrived,,,,,,,
no preemption and +1 spec tech,2026-07-09T23:04:49.446694,343.0,Day 14 - Monday 07:00,ADVEX-3,Advance Exchange,started,Tech 1,Station 1,,,,,
no preemption and +1 spec tech,2026-07-09T23:04:49.446694,343.05,Day 14 - Monday 07:03,ADVEX-3,Advance Exchange,finished,Tech 1,Station 1,0,rtv,0.0,0.05000000000001137,0.05
more demand,2026-07-09T23:04:49.609099,7.0,Day 0 - Monday 07:00,ADVEX-1,Advance Exchange,arrived,,,,,,,
more demand,2026-07-09T23:04:49.609099,7.0,Day 0 - Monday 07:00,ADVEX-1,Advance Exchange,started,Tech 1,Station 1,,,,,
more demand,2026-07-09T23:04:49.609099,7.066666666666666,Day 0 - Monday 07:04,ADVEX-1,Advance Exchange,finished,Tech 1,Station 1,0,repaired,0.0,0.06666666666666643,0.06666666666666667
more demand,2026-07-09T23:04:49.609099,9.605390159286008,Day 0 - Monday 09:36,PROD-1,Production Failure,arrived,,,,,,,
more demand,2026-07-09T23:04:49.609099,9.605390159286008,Day 0 - Monday 09:36,PROD-1,Production Failure,started,Tech 1,Station 1,,,,,
more demand,2026-07-09T23:04:49.609099,10.105390159286008,Day 0 - Monday 10:06,PROD-1,Production Failure,finished,Tech 1,Station 1,0,rtv,0.0,0.5,0.5
more demand,2026-07-09T23:04:49.609099,13.346588104044207,Day 0 - Monday 13:21,PROD-2,Production Failure,arrived,,,,,,,
more demand,2026-07-09T23:04:49.609099,13.346588104044207,Day 0 - Monday 13:21,PROD-2,Production Failure,started,Tech 1,Station 1,,,,,
more demand,2026-07-09T23:04:49.609099,13.846588104044207,Day 0 - Monday 13:51,PROD-2,Production Failure,finished,Tech 1,Station 1,0,rtv,0.0,0.5,0.5
more demand,2026-07-09T23:04:49.609099,31.0,Day 1 - Tuesday 07:00,RMA-1,Customer RMA,arrived,,,,,,,
more demand,2026-07-09T23:04:49.609099,31.0,Day 1 - Tuesday 07:00,RESHIP-1,Reship,arrived,,,,,,,
more demand,2026-07-09T23:04:49.609099,31.0,Day 1 - Tuesday 07:00,RMA-1,Customer RMA,bumped,,,0.38333333333333336,,,,
more demand,2026-07-09T23:04:49.609099,31.0,Day 1 - Tuesday 07:00,RESHIP-1,Reship,started,Tech 1,Station 1,,,,,
more demand,2026-07-09T23:04:49.609099,32.86930032079293,Day 1 - Tuesday 08:52,RESHIP-1,Reship,finished,Tech 1,Station 1,0,reshipped,0.0,1.8693003207929308,1.869300320792934
more demand,2026-07-09T23:04:49.609099,32.86930032079293,Day 1 - Tuesday 08:52,RMA-1,Customer RMA,started,Tech 1,Station 1,,,,,
more demand,2026-07-09T23:04:49.609099,33.252633654126264,Day 1 - Tuesday 09:15,RMA-1,Customer RMA,finished,Tech 1,Station 1,0,repaired,1.8693003207929308,2.2526336541262637,0.38333333333333336
more demand,2026-07-09T23:04:49.609099,55.0,Day 2 - Wednesday 07:00,RMA-2,Customer RMA,arrived,,,,,,,
more demand,2026-07-09T23:04:49.609099,55.0,Day 2 - Wednesday 07:00,RESHIP-2,Reship,arrived,,,,,,,
more demand,2026-07-09T23:04:49.609099,55.0,Day 2 - Wednesday 07:00,RMA-2,Customer RMA,bumped,,,2.1666666666666665,,,,
more demand,2026-07-09T23:04:49.609099,55.0,Day 2 - Wednesday 07:00,PROD-3,Production Failure,arrived,,,,,,,
more demand,2026-07-09T23:04:49.609099,55.0,Day 2 - Wednesday 07:00,RESHIP-2,Reship,started,Tech 1,Station 1,,,,,
more demand,2026-07-09T23:04:49.609099,56.09671637683346,Day 2 - Wednesday 08:06,RESHIP-2,Reship,finished,Tech 1,Station 1,0,reshipped,0.0,1.096716376833463,1.096716376833464
more demand,2026-07-09T23:04:49.609099,56.09671637683346,Day 2 - Wednesday 08:06,PROD-3,Production Failure,started,Tech 1,Station 1,,,,,
more demand,2026-07-09T23:04:49.609099,56.59671637683346,Day 2 - Wednesday 08:36,PROD-3,Production Failure,finished,Tech 1,Station 1,0,rtv,1.096716376833463,1.596716376833463,0.5
more demand,2026-07-09T23:04:49.609099,56.59671637683346,Day 2 - Wednesday 08:36,RMA-2,Customer RMA,started,Tech 1,Station 1,,,,,
more demand,2026-07-09T23:04:49.609099,58.76338304350013,Day 2 - Wednesday 10:46,RMA-2,Customer RMA,finished,Tech 1,Station 1,0,rtv,1.596716376833463,3.763383043500127,2.1666666666666665
more demand,2026-07-09T23:04:49.609099,79.0,Day 3 - Thursday 07:00,RMA-3,Customer RMA,arrived,,,,,,,
more demand,2026-07-09T23:04:49.609099,79.0,Day 3 - Thursday 07:00,RMA-3,Customer RMA,started,Tech 1,Station 1,,,,,
more demand,2026-07-09T23:04:49.609099,79.28333333333333,Day 3 - Thursday 07:17,RMA-3,Customer RMA,finished,Tech 1,Station 1,0,rtv,0.0,0.28333333333333144,0.2833333333333333
more demand,2026-07-09T23:04:49.609099,103.0,Day 4 - Friday 07:00,ADVEX-2,Advance Exchange,arrived,,,,,,,
more demand,2026-07-09T23:04:49.609099,103.0,Day 4 - Friday 07:00,ADVEX-2,Advance Exchange,started,Tech 2,Station 2,,,,,
more demand,2026-07-09T23:04:49.609099,104.21216658437203,Day 4 - Friday 08:13,RMA-4,Customer RMA,arrived,,,,,,,
more demand,2026-07-09T23:04:49.609099,104.21216658437203,Day 4 - Friday 08:13,RMA-4,Customer RMA,started,Tech 1,Station 1,,,,,
more demand,2026-07-09T23:04:49.609099,104.75379101697072,Day 4 - Friday 08:45,PROD-4,Production Failure,arrived,,,,,,,
more demand,2026-07-09T23:04:49.609099,104.75379101697072,Day 4 - Friday 08:45,RMA-4,Customer RMA,interrupted,Tech 1,Station 1,8.3,,,,
more demand,2026-07-09T23:04:49.609099,104.75379101697072,Day 4 - Friday 08:45,PROD-4,Production Failure,started,Tech 1,Station 1,,,,,
more demand,2026-07-09T23:04:49.609099,105.25379101697072,Day 4 - Friday 09:15,PROD-4,Production Failure,finished,Tech 1,Station 1,0,rtv,0.0,0.5,0.5
more demand,2026-07-09T23:04:49.609099,105.25379101697072,Day 4 - Friday 09:15,RMA-4,Customer RMA,started,Tech 1,Station 1,,,,,
more demand,2026-07-09T23:04:49.609099,107.43754439090402,Day 4 - Friday 11:26,ADVEX-3,Advance Exchange,arrived,,,,,,,
more demand,2026-07-09T23:04:49.609099,111.5,Day 4 - Friday 15:30,ADVEX-2,Advance Exchange,paused,Tech 2,Station 2,3.6500000000000004,,,,
more demand,2026-07-09T23:04:49.609099,111.5,Day 4 - Friday 15:30,RMA-4,Customer RMA,paused,Tech 1,Station 1,2.053791016970724,,,,
more demand,2026-07-09T23:04:49.609099,175.0,Day 7 - Monday 07:00,PROD-5,Production Failure,arrived,,,,,,,
more demand,2026-07-09T23:04:49.609099,175.0,Day 7 - Monday 07:00,RMA-4,Customer RMA,interrupted,Tech 1,Station 1,2.053791016970724,,,,
more demand,2026-07-09T23:04:49.609099,175.0,Day 7 - Monday 07:00,ADVEX-4,Advance Exchange,arrived,,,,,,,
more demand,2026-07-09T23:04:49.609099,175.0,Day 7 - Monday 07:00,RESHIP-3,Reship,arrived,,,,,,,
more demand,2026-07-09T23:04:49.609099,175.0,Day 7 - Monday 07:00,RMA-5,Customer RMA,arrived,,,,,,,
more demand,2026-07-09T23:04:49.609099,175.0,Day 7 - Monday 07:00,PROD-5,Production Failure,started,Tech 1,Station 1,,,,,
more demand,2026-07-09T23:04:49.609099,175.5,Day 7 - Monday 07:30,PROD-5,Production Failure,finished,Tech 1,Station 1,0,rtv,0.0,0.5,0.5
more demand,2026-07-09T23:04:49.609099,175.5,Day 7 - Monday 07:30,ADVEX-4,Advance Exchange,started,Tech 1,Station 1,,,,,
more demand,2026-07-09T23:04:49.609099,178.65,Day 7 - Monday 10:39,ADVEX-2,Advance Exchange,finished,Tech 2,Station 2,0,repaired,0.0,75.65,12.15
more demand,2026-07-09T23:04:49.609099,178.65,Day 7 - Monday 10:39,ADVEX-3,Advance Exchange,started,Tech 2,Station 2,,,,,
more demand,2026-07-09T23:04:49.609099,180.6,Day 7 - Monday 12:36,ADVEX-3,Advance Exchange,finished,Tech 2,Station 2,0,repaired,71.21245560909598,73.16245560909597,1.95
more demand,2026-07-09T23:04:49.609099,183.1,Day 7 - Monday 15:06,ADVEX-4,Advance Exchange,finished,Tech 1,Station 1,0,repaired,0.5,8.099999999999994,7.6
more demand,2026-07-09T23:04:49.609099,183.1,Day 7 - Monday 15:06,RESHIP-3,Reship,started,Tech 1,Station 1,,,,,
more demand,2026-07-09T23:04:49.609099,183.5,Day 7 - Monday 15:30,RESHIP-3,Reship,paused,Tech 1,Station 1,1.525391179621212,,,,
more demand,2026-07-09T23:04:49.609099,199.0,Day 8 - Tuesday 07:00,RMA-6,Customer RMA,arrived,,,,,,,
more demand,2026-07-09T23:04:49.609099,199.0,Day 8 - Tuesday 07:00,RESHIP-4,Reship,arrived,,,,,,,
more demand,2026-07-09T23:04:49.609099,200.5253911796212,Day 8 - Tuesday 08:32,RESHIP-3,Reship,finished,Tech 1,Station 1,0,reshipped,8.099999999999994,25.52539117962121,1.9253911796212178
more demand,2026-07-09T23:04:49.609099,200.5253911796212,Day 8 - Tuesday 08:32,RESHIP-4,Reship,started,Tech 1,Station 1,,,,,
more demand,2026-07-09T23:04:49.609099,202.0246224391135,Day 8 - Tuesday 10:01,RESHIP-4,Reship,finished,Tech 1,Station 1,0,reshipped,1.5253911796212094,3.0246224391135,1.4992312594922774
more demand,2026-07-09T23:04:49.609099,202.0246224391135,Day 8 - Tuesday 10:01,RMA-4,Customer RMA,started,Tech 1,Station 1,,,,,
more demand,2026-07-09T23:04:49.609099,204.07841345608423,Day 8 - Tuesday 12:05,RMA-4,Customer RMA,finished,Tech 1,Station 1,0,scrap,0.0,99.8662468717122,8.3
more demand,2026-07-09T23:04:49.609099,204.07841345608423,Day 8 - Tuesday 12:05,RMA-5,Customer RMA,started,Tech 1,Station 1,,,,,
more demand,2026-07-09T23:04:49.609099,207.5,Day 8 - Tuesday 15:30,RMA-5,Customer RMA,paused,Tech 1,Station 1,13.195080122750902,,,,
more demand,2026-07-09T23:04:49.609099,223.0,Day 9 - Wednesday 07:00,PROD-6,Production Failure,arrived,,,,,,,
more demand,2026-07-09T23:04:49.609099,223.0,Day 9 - Wednesday 07:00,RMA-5,Customer RMA,interrupted,Tech 1,Station 1,13.195080122750902,,,,
more demand,2026-07-09T23:04:49.609099,223.0,Day 9 - Wednesday 07:00,PROD-6,Production Failure,started,Tech 1,Station 1,,,,,
more demand,2026-07-09T23:04:49.609099,223.5,Day 9 - Wednesday 07:30,PROD-6,Production Failure,finished,Tech 1,Station 1,0,rtv,0.0,0.5,0.5
more demand,2026-07-09T23:04:49.609099,223.5,Day 9 - Wednesday 07:30,RMA-6,Customer RMA,started,Tech 1,Station 1,,,,,
more demand,2026-07-09T23:04:49.609099,225.03333333333333,Day 9 - Wednesday 09:02,RMA-6,Customer RMA,finished,Tech 1,Station 1,0,scrap,24.5,26.03333333333333,1.5333333333333334
more demand,2026-07-09T23:04:49.609099,225.03333333333333,Day 9 - Wednesday 09:02,RMA-5,Customer RMA,started,Tech 1,Station 1,,,,,
more demand,2026-07-09T23:04:49.609099,228.71917502704332,Day 9 - Wednesday 12:43,PROD-7,Production Failure,arrived,,,,,,,
more demand,2026-07-09T23:04:49.609099,228.71917502704332,Day 9 - Wednesday 12:43,RMA-5,Customer RMA,interrupted,Tech 1,Station 1,13.195080122750902,,,,
more demand,2026-07-09T23:04:49.609099,228.71917502704332,Day 9 - Wednesday 12:43,PROD-7,Production Failure,started,Tech 1,Station 1,,,,,
more demand,2026-07-09T23:04:49.609099,229.21917502704332,Day 9 - Wednesday 13:13,PROD-7,Production Failure,finished,Tech 1,Station 1,0,rtv,0.0,0.5,0.5
more demand,2026-07-09T23:04:49.609099,229.21917502704332,Day 9 - Wednesday 13:13,RMA-5,Customer RMA,started,Tech 1,Station 1,,,,,
more demand,2026-07-09T23:04:49.609099,231.2104447553631,Day 9 - Wednesday 15:13,RMA-7,Customer RMA,arrived,,,,,,,
more demand,2026-07-09T23:04:49.609099,231.5,Day 9 - Wednesday 15:30,RMA-5,Customer RMA,paused,Tech 1,Station 1,10.914255149794222,,,,
more demand,2026-07-09T23:04:49.609099,247.0,Day 10 - Thursday 07:00,ADVEX-5,Advance Exchange,arrived,,,,,,,
more demand,2026-07-09T23:04:49.609099,247.0,Day 10 - Thursday 07:00,RMA-8,Customer RMA,arrived,,,,,,,
more demand,2026-07-09T23:04:49.609099,247.0,Day 10 - Thursday 07:00,ADVEX-5,Advance Exchange,started,Tech 2,Station 2,,,,,
more demand,2026-07-09T23:04:49.609099,248.67054100901217,Day 10 - Thursday 08:40,RMA-9,Customer RMA,arrived,,,,,,,
more demand,2026-07-09T23:04:49.609099,255.5,Day 10 - Thursday 15:30,RMA-5,Customer RMA,paused,Tech 1,Station 1,2.414255149794222,,,,
more demand,2026-07-09T23:04:49.609099,255.5,Day 10 - Thursday 15:30,ADVEX-5,Advance Exchange,paused,Tech 2,Station 2,2.6500000000000004,,,,
more demand,2026-07-09T23:04:49.609099,271.0,Day 11 - Friday 07:00,PROD-8,Production Failure,arrived,,,,,,,
more demand,2026-07-09T23:04:49.609099,271.0,Day 11 - Friday 07:00,RMA-5,Customer RMA,interrupted,Tech 1,Station 1,2.414255149794222,,,,
more demand,2026-07-09T23:04:49.609099,271.0,Day 11 - Friday 07:00,PROD-8,Production Failure,started,Tech 1,Station 1,,,,,
more demand,2026-07-09T23:04:49.609099,271.5,Day 11 - Friday 07:30,PROD-8,Production Failure,finished,Tech 1,Station 1,0,rtv,0.0,0.5,0.5
more demand,2026-07-09T23:04:49.609099,271.5,Day 11 - Friday 07:30,RMA-7,Customer RMA,started,Tech 1,Station 1,,,,,
more demand,2026-07-09T23:04:49.609099,273.65,Day 11 - Friday 09:39,ADVEX-5,Advance Exchange,finished,Tech 2,Station 2,0,repaired,0.0,26.649999999999977,11.15
more demand,2026-07-09T23:04:49.609099,279.5,Day 11 - Friday 15:30,RMA-7,Customer RMA,paused,Tech 1,Station 1,289.6333333333333,,,,
more demand,2026-07-09T23:04:49.609099,343.0,Day 14 - Monday 07:00,RESHIP-5,Reship,arrived,,,,,,,
more demand,2026-07-09T23:04:49.609099,343.0,Day 14 - Monday 07:00,RMA-7,Customer RMA,interrupted,Tech 1,Station 1,289.6333333333333,,,,
more demand,2026-07-09T23:04:49.609099,343.0,Day 14 - Monday 07:00,RMA-10,Customer RMA,arrived,,,,,,,
more demand,2026-07-09T23:04:49.609099,343.0,Day 14 - Monday 07:00,PROD-9,Production Failure,arrived,,,,,,,
more demand,2026-07-09T23:04:49.609099,343.0,Day 14 - Monday 07:00,RESHIP-5,Reship,started,Tech 1,Station 1,,,,,
more demand,2026-07-09T23:04:49.609099,344.5369703304088,Day 14 - Monday 08:32,RESHIP-5,Reship,finished,Tech 1,Station 1,0,reshipped,0.0,1.536970330408792,1.5369703304087952
more demand,2026-07-09T23:04:49.609099,344.5369703304088,Day 14 - Monday 08:32,PROD-9,Production Failure,started,Tech 1,Station 1,,,,,
more demand,2026-07-09T23:04:49.609099,345.0369703304088,Day 14 - Monday 09:02,PROD-9,Production Failure,finished,Tech 1,Station 1,0,rtv,1.536970330408792,2.036970330408792,0.5
more demand,2026-07-09T23:04:49.609099,345.0369703304088,Day 14 - Monday 09:02,RMA-8,Customer RMA,started,Tech 1,Station 1,,,,,
more demand,2026-07-09T23:04:49.609099,351.5,Day 14 - Monday 15:30,RMA-8,Customer RMA,paused,Tech 1,Station 1,2.9369703304087924,,,,
more demand,2026-07-09T23:04:49.609099,369.93697033040877,Day 15 - Tuesday 09:56,RMA-8,Customer RMA,finished,Tech 1,Station 1,0,repaired,98.03697033040879,122.93697033040877,9.4
more demand,2026-07-09T23:04:49.609099,369.93697033040877,Day 15 - Tuesday 09:56,RMA-9,Customer RMA,started,Tech 1,Station 1,,,,,
more demand,2026-07-09T23:04:49.609099,375.5,Day 15 - Tuesday 15:30,RMA-9,Customer RMA,paused,Tech 1,Station 1,3.8536369970754354,,,,
more demand,2026-07-09T23:04:49.609099,391.3652086612425,Day 16 - Wednesday 07:22,PROD-10,Production Failure,arrived,,,,,,,
more demand,2026-07-09T23:04:49.609099,391.3652086612425,Day 16 - Wednesday 07:22,RMA-9,Customer RMA,interrupted,Tech 1,Station 1,3.8536369970754354,,,,
more demand,2026-07-09T23:04:49.609099,391.3652086612425,Day 16 - Wednesday 07:22,PROD-10,Production Failure,started,Tech 1,Station 1,,,,,
more demand,2026-07-09T23:04:49.609099,391.8652086612425,Day 16 - Wednesday 07:52,PROD-10,Production Failure,finished,Tech 1,Station 1,0,repaired,0.0,0.5,0.5
more demand,2026-07-09T23:04:49.609099,391.8652086612425,Day 16 - Wednesday 07:52,RMA-5,Customer RMA,started,Tech 1,Station 1,,,,,
more demand,2026-07-09T23:04:49.609099,394.2794638110367,Day 16 - Wednesday 10:17,RMA-5,Customer RMA,finished,Tech 1,Station 1,0,repaired,29.078413456084235,219.2794638110367,16.616666666666667
more demand,2026-07-09T23:04:49.609099,394.2794638110367,Day 16 - Wednesday 10:17,RMA-7,Customer RMA,started,Tech 1,Station 1,,,,,
more demand,2026-07-09T23:04:49.609099,399.5,Day 16 - Wednesday 15:30,RMA-7,Customer RMA,paused,Tech 1,Station 1,284.41279714437,,,,
more demand,2026-07-09T23:04:49.609099,423.5,Day 17 - Thursday 15:30,RMA-7,Customer RMA,paused,Tech 1,Station 1,275.91279714437,,,,
more demand,2026-07-09T23:04:49.609099,439.0,Day 18 - Friday 07:00,ADVEX-6,Advance Exchange,arrived,,,,,,,
more demand,2026-07-09T23:04:49.609099,439.0,Day 18 - Friday 07:00,RMA-7,Customer RMA,interrupted,Tech 1,Station 1,275.91279714437,,,,
more demand,2026-07-09T23:04:49.609099,439.0,Day 18 - Friday 07:00,ADVEX-6,Advance Exchange,started,Tech 1,Station 1,,,,,
more demand,2026-07-09T23:04:49.609099,439.9032745130787,Day 18 - Friday 07:54,RESHIP-6,Reship,arrived,,,,,,,
more demand,2026-07-09T23:04:49.609099,447.5,Day 18 - Friday 15:30,ADVEX-6,Advance Exchange,paused,Tech 1,Station 1,3.633333333333333,,,,
more demand,2026-07-09T23:04:49.609099,511.0,Day 21 - Monday 07:00,ADVEX-7,Advance Exchange,arrived,,,,,,,
more demand,2026-07-09T23:04:49.609099,514.6333333333333,Day 21 - Monday 10:38,ADVEX-6,Advance Exchange,finished,Tech 1,Station 1,0,rtv,0.0,75.63333333333333,12.133333333333333
more demand,2026-07-09T23:04:49.609099,514.6333333333333,Day 21 - Monday 10:38,RESHIP-6,Reship,started,Tech 1,Station 1,,,,,
more demand,2026-07-09T23:04:49.609099,516.2423035447715,Day 21 - Monday 12:15,RESHIP-6,Reship,finished,Tech 1,Station 1,0,reshipped,74.73005882025461,76.3390290316928,1.6089702114381723
more demand,2026-07-09T23:04:49.609099,516.2423035447715,Day 21 - Monday 12:15,ADVEX-7,Advance Exchange,started,Tech 1,Station 1,,,,,
more demand,2026-07-09T23:04:49.609099,516.4423035447716,Day 21 - Monday 12:27,ADVEX-7,Advance Exchange,finished,Tech 1,Station 1,0,rtv,5.2423035447715165,5.442303544771562,0.2
more demand,2026-07-09T23:04:49.609099,516.4423035447716,Day 21 - Monday 12:27,RMA-10,Customer RMA,started,Tech 1,Station 1,,,,,
more demand,2026-07-09T23:04:49.609099,516.4756368781049,Day 21 - Monday 12:29,RMA-10,Customer RMA,finished,Tech 1,Station 1,0,rtv,173.44230354477156,173.47563687810486,0.03333333333333333
more demand,2026-07-09T23:04:49.609099,516.4756368781049,Day 21 - Monday 12:29,RMA-9,Customer RMA,started,Tech 1,Station 1,,,,,
more demand,2026-07-09T23:04:49.609099,519.5,Day 21 - Monday 15:30,RMA-9,Customer RMA,paused,Tech 1,Station 1,0.8292738751803004,,,,
more demand,2026-07-09T23:04:49.609099,535.8292738751803,Day 22 - Tuesday 07:50,RMA-9,Customer RMA,finished,Tech 1,Station 1,0,repaired,121.2664293213966,287.1587328661682,9.416666666666666
more demand,2026-07-09T23:04:49.609099,535.8292738751803,Day 22 - Tuesday 07:50,RMA-7,Customer RMA,started,Tech 1,Station 1,,,,,
more demand,2026-07-09T23:04:49.609099,543.5,Day 22 - Tuesday 15:30,RMA-7,Customer RMA,paused,Tech 1,Station 1,268.24207101955034,,,,
more demand,2026-07-09T23:04:49.609099,567.5,Day 23 - Wednesday 15:30,RMA-7,Customer RMA,paused,Tech 1,Station 1,259.74207101955034,,,,
more demand,2026-07-09T23:04:49.609099,583.0,Day 24 - Thursday 07:00,RESHIP-7,Reship,arrived,,,,,,,
more demand,2026-07-09T23:04:49.609099,583.0,Day 24 - Thursday 07:00,RMA-7,Customer RMA,interrupted,Tech 1,Station 1,259.74207101955034,,,,
more demand,2026-07-09T23:04:49.609099,583.0,Day 24 - Thursday 07:00,RESHIP-7,Reship,started,Tech 1,Station 1,,,,,
more demand,2026-07-09T23:04:49.609099,584.1118677253208,Day 24 - Thursday 08:07,RESHIP-7,Reship,finished,Tech 1,Station 1,0,reshipped,0.0,1.1118677253208489,1.111867725320895
more demand,2026-07-09T23:04:49.609099,584.1118677253208,Day 24 - Thursday 08:07,RMA-7,Customer RMA,started,Tech 1,Station 1,,,,,
more demand,2026-07-09T23:04:49.609099,591.5,Day 24 - Thursday 15:30,RMA-7,Customer RMA,paused,Tech 1,Station 1,252.3539387448712,,,,
more demand,2026-07-09T23:04:49.609099,607.0,Day 25 - Friday 07:00,ADVEX-8,Advance Exchange,arrived,,,,,,,
more demand,2026-07-09T23:04:49.609099,607.0,Day 25 - Friday 07:00,ADVEX-8,Advance Exchange,started,Tech 2,Station 2,,,,,
more demand,2026-07-09T23:04:49.609099,614.5,Day 25 - Friday 14:30,ADVEX-8,Advance Exchange,finished,Tech 2,Station 2,0,repaired,0.0,7.5,7.5
more demand,2026-07-09T23:04:49.609099,615.5,Day 25 - Friday 15:30,RMA-7,Customer RMA,paused,Tech 1,Station 1,243.8539387448712,,,,
more demand,2026-07-09T23:04:49.609099,687.5,Day 28 - Monday 15:30,RMA-7,Customer RMA,paused,Tech 1,Station 1,235.3539387448712,,,,
more demand,2026-07-09T23:04:49.609099,711.5,Day 29 - Tuesday 15:30,RMA-7,Customer RMA,paused,Tech 1,Station 1,226.8539387448712,,,,
more demand,2026-07-09T23:04:49.609099,735.5,Day 30 - Wednesday 15:30,RMA-7,Customer RMA,paused,Tech 1,Station 1,218.3539387448712,,,,
more demand,2026-07-09T23:04:49.609099,759.5,Day 31 - Thursday 15:30,RMA-7,Customer RMA,paused,Tech 1,Station 1,209.8539387448712,,,,
more demand,2026-07-09T23:04:49.609099,783.5,Day 32 - Friday 15:30,RMA-7,Customer RMA,paused,Tech 1,Station 1,201.3539387448712,,,,
more demand,2026-07-09T23:04:49.609099,855.5,Day 35 - Monday 15:30,RMA-7,Customer RMA,paused,Tech 1,Station 1,192.8539387448712,,,,
more demand,2026-07-09T23:04:49.609099,879.5,Day 36 - Tuesday 15:30,RMA-7,Customer RMA,paused,Tech 1,Station 1,184.3539387448712,,,,
more demand,2026-07-09T23:04:49.609099,895.0,Day 37 - Wednesday 07:00,ADVEX-9,Advance Exchange,arrived,,,,,,,
more demand,2026-07-09T23:04:49.609099,895.0,Day 37 - Wednesday 07:00,RMA-7,Customer RMA,interrupted,Tech 1,Station 1,184.3539387448712,,,,
more demand,2026-07-09T23:04:49.609099,895.0,Day 37 - Wednesday 07:00,ADVEX-9,Advance Exchange,started,Tech 1,Station 1,,,,,
more demand,2026-07-09T23:04:49.609099,895.0333333333333,Day 37 - Wednesday 07:02,ADVEX-9,Advance Exchange,finished,Tech 1,Station 1,0,scrap,0.0,0.03333333333330302,0.03333333333333333
more demand,2026-07-09T23:04:49.609099,895.0333333333333,Day 37 - Wednesday 07:02,RMA-7,Customer RMA,started,Tech 1,Station 1,,,,,
more demand,2026-07-09T23:04:49.609099,903.5,Day 37 - Wednesday 15:30,RMA-7,Customer RMA,paused,Tech 1,Station 1,175.8872720782045,,,,
more demand,2026-07-09T23:04:49.609099,927.5,Day 38 - Thursday 15:30,RMA-7,Customer RMA,paused,Tech 1,Station 1,167.3872720782045,,,,
more demand,2026-07-09T23:04:49.609099,951.5,Day 39 - Friday 15:30,RMA-7,Customer RMA,paused,Tech 1,Station 1,158.8872720782045,,,,
more demand,2026-07-09T23:04:49.609099,1015.0,Day 42 - Monday 07:00,ADVEX-10,Advance Exchange,arrived,,,,,,,
more demand,2026-07-09T23:04:49.609099,1015.0,Day 42 - Monday 07:00,RMA-7,Customer RMA,interrupted,Tech 1,Station 1,158.8872720782045,,,,
more demand,2026-07-09T23:04:49.609099,1015.0,Day 42 - Monday 07:00,RESHIP-8,Reship,arrived,,,,,,,
more demand,2026-07-09T23:04:49.609099,1015.0,Day 42 - Monday 07:00,ADVEX-10,Advance Exchange,started,Tech 1,Station 1,,,,,
more demand,2026-07-09T23:04:49.609099,1015.0666666666667,Day 42 - Monday 07:04,ADVEX-10,Advance Exchange,finished,Tech 1,Station 1,0,repaired,0.0,0.06666666666671972,0.06666666666666667
more demand,2026-07-09T23:04:49.609099,1015.0666666666667,Day 42 - Monday 07:04,RESHIP-8,Reship,started,Tech 1,Station 1,,,,,
more demand,2026-07-09T23:04:49.609099,1016.939099707752,Day 42 - Monday 08:56,RESHIP-8,Reship,finished,Tech 1,Station 1,0,reshipped,0.06666666666671972,1.939099707752007,1.8724330410852574
more demand,2026-07-09T23:04:49.609099,1016.939099707752,Day 42 - Monday 08:56,RMA-7,Customer RMA,started,Tech 1,Station 1,,,,,
more demand,2026-07-09T23:04:49.609099,1023.5,Day 42 - Monday 15:30,RMA-7,Customer RMA,paused,Tech 1,Station 1,152.3263717859565,,,,
more demand,2026-07-09T23:04:49.609099,1039.0,Day 43 - Tuesday 07:00,RESHIP-9,Reship,arrived,,,,,,,
more demand,2026-07-09T23:04:49.609099,1039.0,Day 43 - Tuesday 07:00,RMA-7,Customer RMA,interrupted,Tech 1,Station 1,152.3263717859565,,,,
more demand,2026-07-09T23:04:49.609099,1039.0,Day 43 - Tuesday 07:00,RESHIP-9,Reship,started,Tech 1,Station 1,,,,,
more demand,2026-07-09T23:04:49.609099,1040.72993106909,Day 43 - Tuesday 08:44,RESHIP-9,Reship,finished,Tech 1,Station 1,0,reshipped,0.0,1.729931069090071,1.729931069089976
more demand,2026-07-09T23:04:49.609099,1040.72993106909,Day 43 - Tuesday 08:44,RMA-7,Customer RMA,started,Tech 1,Station 1,,,,,
more demand,2026-07-09T23:04:49.609099,1047.5,Day 43 - Tuesday 15:30,RMA-7,Customer RMA,paused,Tech 1,Station 1,145.55630285504657,,,,
more demand,2026-07-09T23:04:49.609099,1071.5,Day 44 - Wednesday 15:30,RMA-7,Customer RMA,paused,Tech 1,Station 1,137.05630285504657,,,,
more demand,2026-07-09T23:04:49.609099,1087.0,Day 45 - Thursday 07:00,RESHIP-10,Reship,arrived,,,,,,,
more demand,2026-07-09T23:04:49.609099,1087.0,Day 45 - Thursday 07:00,RMA-7,Customer RMA,interrupted,Tech 1,Station 1,137.05630285504657,,,,
more demand,2026-07-09T23:04:49.609099,1087.0,Day 45 - Thursday 07:00,RESHIP-10,Reship,started,Tech 1,Station 1,,,,,
more demand,2026-07-09T23:04:49.609099,1088.6498780576394,Day 45 - Thursday 08:39,RESHIP-10,Reship,finished,Tech 1,Station 1,0,reshipped,0.0,1.6498780576393983,1.6498780576394534
more demand,2026-07-09T23:04:49.609099,1088.6498780576394,Day 45 - Thursday 08:39,RMA-7,Customer RMA,started,Tech 1,Station 1,,,,,
more demand,2026-07-09T23:04:49.609099,1095.5,Day 45 - Thursday 15:30,RMA-7,Customer RMA,paused,Tech 1,Station 1,130.20618091268597,,,,
more demand,2026-07-09T23:04:49.609099,1119.5,Day 46 - Friday 15:30,RMA-7,Customer RMA,paused,Tech 1,Station 1,121.70618091268597,,,,
more demand,2026-07-09T23:04:49.609099,1191.5,Day 49 - Monday 15:30,RMA-7,Customer RMA,paused,Tech 1,Station 1,113.20618091268597,,,,
more demand,2026-07-09T23:04:49.609099,1215.5,Day 50 - Tuesday 15:30,RMA-7,Customer RMA,paused,Tech 1,Station 1,104.70618091268597,,,,
more demand,2026-07-09T23:04:49.609099,1239.5,Day 51 - Wednesday 15:30,RMA-7,Customer RMA,paused,Tech 1,Station 1,96.20618091268597,,,,
more demand,2026-07-09T23:04:49.609099,1263.5,Day 52 - Thursday 15:30,RMA-7,Customer RMA,paused,Tech 1,Station 1,87.70618091268597,,,,
more demand,2026-07-09T23:04:49.609099,1287.5,Day 53 - Friday 15:30,RMA-7,Customer RMA,paused,Tech 1,Station 1,79.20618091268597,,,,
more demand,2026-07-09T23:04:49.609099,1359.5,Day 56 - Monday 15:30,RMA-7,Customer RMA,paused,Tech 1,Station 1,70.70618091268597,,,,
more demand,2026-07-09T23:04:49.609099,1383.5,Day 57 - Tuesday 15:30,RMA-7,Customer RMA,paused,Tech 1,Station 1,62.206180912685966,,,,
more demand,2026-07-09T23:04:49.609099,1407.5,Day 58 - Wednesday 15:30,RMA-7,Customer RMA,paused,Tech 1,Station 1,53.706180912685966,,,,
more demand,2026-07-09T23:04:49.609099,1431.5,Day 59 - Thursday 15:30,RMA-7,Customer RMA,paused,Tech 1,Station 1,45.206180912685966,,,,
more demand,2026-07-09T23:04:49.609099,1455.5,Day 60 - Friday 15:30,RMA-7,Customer RMA,paused,Tech 1,Station 1,36.706180912685966,,,,
more demand,2026-07-09T23:04:49.609099,1527.5,Day 63 - Monday 15:30,RMA-7,Customer RMA,paused,Tech 1,Station 1,28.206180912685966,,,,
more demand,2026-07-09T23:04:49.609099,1551.5,Day 64 - Tuesday 15:30,RMA-7,Customer RMA,paused,Tech 1,Station 1,19.706180912685966,,,,
more demand,2026-07-09T23:04:49.609099,1575.5,Day 65 - Wednesday 15:30,RMA-7,Customer RMA,paused,Tech 1,Station 1,11.206180912685966,,,,
more demand,2026-07-09T23:04:49.609099,1599.5,Day 66 - Thursday 15:30,RMA-7,Customer RMA,paused,Tech 1,Station 1,2.7061809126859657,,,,
more demand,2026-07-09T23:04:49.609099,1617.706180912686,Day 67 - Friday 09:42,RMA-7,Customer RMA,finished,Tech 1,Station 1,0,scrap,40.28955524463689,1386.4957361573229,297.6333333333333
more demand and +1 all,2026-07-09T23:04:49.773220,7.0,Day 0 - Monday 07:00,ADVEX-1,Advance Exchange,arrived,,,,,,,
more demand and +1 all,2026-07-09T23:04:49.773220,7.0,Day 0 - Monday 07:00,ADVEX-1,Advance Exchange,started,Tech 1,Station 1,,,,,
more demand and +1 all,2026-07-09T23:04:49.773220,7.066666666666666,Day 0 - Monday 07:04,ADVEX-1,Advance Exchange,finished,Tech 1,Station 1,0,repaired,0.0,0.06666666666666643,0.06666666666666667
more demand and +1 all,2026-07-09T23:04:49.773220,9.605390159286008,Day 0 - Monday 09:36,PROD-1,Production Failure,arrived,,,,,,,
more demand and +1 all,2026-07-09T23:04:49.773220,9.605390159286008,Day 0 - Monday 09:36,PROD-1,Production Failure,started,Tech 1,Station 1,,,,,
more demand and +1 all,2026-07-09T23:04:49.773220,10.105390159286008,Day 0 - Monday 10:06,PROD-1,Production Failure,finished,Tech 1,Station 1,0,rtv,0.0,0.5,0.5
more demand and +1 all,2026-07-09T23:04:49.773220,13.346588104044207,Day 0 - Monday 13:21,PROD-2,Production Failure,arrived,,,,,,,
more demand and +1 all,2026-07-09T23:04:49.773220,13.346588104044207,Day 0 - Monday 13:21,PROD-2,Production Failure,started,Tech 1,Station 1,,,,,
more demand and +1 all,2026-07-09T23:04:49.773220,13.846588104044207,Day 0 - Monday 13:51,PROD-2,Production Failure,finished,Tech 1,Station 1,0,rtv,0.0,0.5,0.5
more demand and +1 all,2026-07-09T23:04:49.773220,31.0,Day 1 - Tuesday 07:00,RMA-1,Customer RMA,arrived,,,,,,,
more demand and +1 all,2026-07-09T23:04:49.773220,31.0,Day 1 - Tuesday 07:00,RESHIP-1,Reship,arrived,,,,,,,
more demand and +1 all,2026-07-09T23:04:49.773220,31.0,Day 1 - Tuesday 07:00,RMA-1,Customer RMA,started,Tech 1,Station 1,,,,,
more demand and +1 all,2026-07-09T23:04:49.773220,31.0,Day 1 - Tuesday 07:00,RESHIP-1,Reship,started,Tech 2,Station 2,,,,,
more demand and +1 all,2026-07-09T23:04:49.773220,31.383333333333333,Day 1 - Tuesday 07:23,RMA-1,Customer RMA,finished,Tech 1,Station 1,0,repaired,0.0,0.38333333333333286,0.38333333333333336
more demand and +1 all,2026-07-09T23:04:49.773220,32.86930032079293,Day 1 - Tuesday 08:52,RESHIP-1,Reship,finished,Tech 2,Station 2,0,reshipped,0.0,1.8693003207929308,1.869300320792934
more demand and +1 all,2026-07-09T23:04:49.773220,55.0,Day 2 - Wednesday 07:00,RMA-2,Customer RMA,arrived,,,,,,,
more demand and +1 all,2026-07-09T23:04:49.773220,55.0,Day 2 - Wednesday 07:00,RESHIP-2,Reship,arrived,,,,,,,
more demand and +1 all,2026-07-09T23:04:49.773220,55.0,Day 2 - Wednesday 07:00,PROD-3,Production Failure,arrived,,,,,,,
more demand and +1 all,2026-07-09T23:04:49.773220,55.0,Day 2 - Wednesday 07:00,RMA-2,Customer RMA,bumped,,,2.1666666666666665,,,,
more demand and +1 all,2026-07-09T23:04:49.773220,55.0,Day 2 - Wednesday 07:00,RESHIP-2,Reship,started,Tech 1,Station 1,,,,,
more demand and +1 all,2026-07-09T23:04:49.773220,55.0,Day 2 - Wednesday 07:00,PROD-3,Production Failure,started,Tech 2,Station 2,,,,,
more demand and +1 all,2026-07-09T23:04:49.773220,55.5,Day 2 - Wednesday 07:30,PROD-3,Production Failure,finished,Tech 2,Station 2,0,rtv,0.0,0.5,0.5
more demand and +1 all,2026-07-09T23:04:49.773220,55.5,Day 2 - Wednesday 07:30,RMA-2,Customer RMA,started,Tech 2,Station 2,,,,,
more demand and +1 all,2026-07-09T23:04:49.773220,56.09671637683346,Day 2 - Wednesday 08:06,RESHIP-2,Reship,finished,Tech 1,Station 1,0,reshipped,0.0,1.096716376833463,1.096716376833464
more demand and +1 all,2026-07-09T23:04:49.773220,57.666666666666664,Day 2 - Wednesday 09:40,RMA-2,Customer RMA,finished,Tech 2,Station 2,0,rtv,0.5,2.6666666666666643,2.1666666666666665
more demand and +1 all,2026-07-09T23:04:49.773220,79.0,Day 3 - Thursday 07:00,RMA-3,Customer RMA,arrived,,,,,,,
more demand and +1 all,2026-07-09T23:04:49.773220,79.0,Day 3 - Thursday 07:00,RMA-3,Customer RMA,started,Tech 1,Station 1,,,,,
more demand and +1 all,2026-07-09T23:04:49.773220,79.28333333333333,Day 3 - Thursday 07:17,RMA-3,Customer RMA,finished,Tech 1,Station 1,0,rtv,0.0,0.28333333333333144,0.2833333333333333
more demand and +1 all,2026-07-09T23:04:49.773220,103.0,Day 4 - Friday 07:00,ADVEX-2,Advance Exchange,arrived,,,,,,,
more demand and +1 all,2026-07-09T23:04:49.773220,103.0,Day 4 - Friday 07:00,ADVEX-2,Advance Exchange,started,Tech 3,Station 3,,,,,
more demand and +1 all,2026-07-09T23:04:49.773220,104.21216658437203,Day 4 - Friday 08:13,RMA-4,Customer RMA,arrived,,,,,,,
more demand and +1 all,2026-07-09T23:04:49.773220,104.21216658437203,Day 4 - Friday 08:13,RMA-4,Customer RMA,started,Tech 1,Station 1,,,,,
more demand and +1 all,2026-07-09T23:04:49.773220,104.75379101697072,Day 4 - Friday 08:45,PROD-4,Production Failure,arrived,,,,,,,
more demand and +1 all,2026-07-09T23:04:49.773220,104.75379101697072,Day 4 - Friday 08:45,PROD-4,Production Failure,started,Tech 2,Station 2,,,,,
more demand and +1 all,2026-07-09T23:04:49.773220,105.25379101697072,Day 4 - Friday 09:15,PROD-4,Production Failure,finished,Tech 2,Station 2,0,rtv,0.0,0.5,0.5
more demand and +1 all,2026-07-09T23:04:49.773220,107.43754439090402,Day 4 - Friday 11:26,ADVEX-3,Advance Exchange,arrived,,,,,,,
more demand and +1 all,2026-07-09T23:04:49.773220,107.43754439090402,Day 4 - Friday 11:26,ADVEX-3,Advance Exchange,started,Tech 4,Station 4,,,,,
more demand and +1 all,2026-07-09T23:04:49.773220,109.38754439090403,Day 4 - Friday 13:23,ADVEX-3,Advance Exchange,finished,Tech 4,Station 4,0,repaired,0.0,1.9500000000000028,1.95
more demand and +1 all,2026-07-09T23:04:49.773220,111.5,Day 4 - Friday 15:30,ADVEX-2,Advance Exchange,paused,Tech 3,Station 3,3.6500000000000004,,,,
more demand and +1 all,2026-07-09T23:04:49.773220,111.5,Day 4 - Friday 15:30,RMA-4,Customer RMA,paused,Tech 1,Station 1,1.0121665843720287,,,,
more demand and +1 all,2026-07-09T23:04:49.773220,175.0,Day 7 - Monday 07:00,PROD-5,Production Failure,arrived,,,,,,,
more demand and +1 all,2026-07-09T23:04:49.773220,175.0,Day 7 - Monday 07:00,ADVEX-4,Advance Exchange,arrived,,,,,,,
more demand and +1 all,2026-07-09T23:04:49.773220,175.0,Day 7 - Monday 07:00,RMA-4,Customer RMA,interrupted,Tech 1,Station 1,1.0121665843720287,,,,
more demand and +1 all,2026-07-09T23:04:49.773220,175.0,Day 7 - Monday 07:00,RESHIP-3,Reship,arrived,,,,,,,
more demand and +1 all,2026-07-09T23:04:49.773220,175.0,Day 7 - Monday 07:00,RMA-5,Customer RMA,arrived,,,,,,,
more demand and +1 all,2026-07-09T23:04:49.773220,175.0,Day 7 - Monday 07:00,PROD-5,Production Failure,started,Tech 1,Station 1,,,,,
more demand and +1 all,2026-07-09T23:04:49.773220,175.0,Day 7 - Monday 07:00,ADVEX-4,Advance Exchange,started,Tech 2,Station 2,,,,,
more demand and +1 all,2026-07-09T23:04:49.773220,175.5,Day 7 - Monday 07:30,PROD-5,Production Failure,finished,Tech 1,Station 1,0,rtv,0.0,0.5,0.5
more demand and +1 all,2026-07-09T23:04:49.773220,175.5,Day 7 - Monday 07:30,RESHIP-3,Reship,started,Tech 1,Station 1,,,,,
more demand and +1 all,2026-07-09T23:04:49.773220,177.42539117962122,Day 7 - Monday 09:26,RESHIP-3,Reship,finished,Tech 1,Station 1,0,reshipped,0.5,2.425391179621215,1.9253911796212178
more demand and +1 all,2026-07-09T23:04:49.773220,177.42539117962122,Day 7 - Monday 09:26,RMA-4,Customer RMA,started,Tech 1,Station 1,,,,,
more demand and +1 all,2026-07-09T23:04:49.773220,178.43755776399325,Day 7 - Monday 10:26,RMA-4,Customer RMA,finished,Tech 1,Station 1,0,scrap,0.0,74.22539117962123,8.3
more demand and +1 all,2026-07-09T23:04:49.773220,178.43755776399325,Day 7 - Monday 10:26,RMA-5,Customer RMA,started,Tech 1,Station 1,,,,,
more demand and +1 all,2026-07-09T23:04:49.773220,178.65,Day 7 - Monday 10:39,ADVEX-2,Advance Exchange,finished,Tech 3,Station 3,0,repaired,0.0,75.65,12.15
more demand and +1 all,2026-07-09T23:04:49.773220,182.6,Day 7 - Monday 14:36,ADVEX-4,Advance Exchange,finished,Tech 2,Station 2,0,repaired,0.0,7.599999999999994,7.6
more demand and +1 all,2026-07-09T23:04:49.773220,183.5,Day 7 - Monday 15:30,RMA-5,Customer RMA,paused,Tech 1,Station 1,11.554224430659922,,,,
more demand and +1 all,2026-07-09T23:04:49.773220,199.0,Day 8 - Tuesday 07:00,RMA-6,Customer RMA,arrived,,,,,,,
more demand and +1 all,2026-07-09T23:04:49.773220,199.0,Day 8 - Tuesday 07:00,RESHIP-4,Reship,arrived,,,,,,,
more demand and +1 all,2026-07-09T23:04:49.773220,199.0,Day 8 - Tuesday 07:00,RMA-6,Customer RMA,bumped,,,1.5333333333333334,,,,
more demand and +1 all,2026-07-09T23:04:49.773220,199.0,Day 8 - Tuesday 07:00,RESHIP-4,Reship,started,Tech 2,Station 2,,,,,
more demand and +1 all,2026-07-09T23:04:49.773220,200.4992312594923,Day 8 - Tuesday 08:30,RESHIP-4,Reship,finished,Tech 2,Station 2,0,reshipped,0.0,1.4992312594922907,1.4992312594922774
more demand and +1 all,2026-07-09T23:04:49.773220,200.4992312594923,Day 8 - Tuesday 08:30,RMA-6,Customer RMA,started,Tech 2,Station 2,,,,,
more demand and +1 all,2026-07-09T23:04:49.773220,202.03256459282562,Day 8 - Tuesday 10:02,RMA-6,Customer RMA,finished,Tech 2,Station 2,0,scrap,1.4992312594922907,3.032564592825622,1.5333333333333334
more demand and +1 all,2026-07-09T23:04:49.773220,207.5,Day 8 - Tuesday 15:30,RMA-5,Customer RMA,paused,Tech 1,Station 1,3.0542244306599216,,,,
more demand and +1 all,2026-07-09T23:04:49.773220,223.0,Day 9 - Wednesday 07:00,PROD-6,Production Failure,arrived,,,,,,,
more demand and +1 all,2026-07-09T23:04:49.773220,223.0,Day 9 - Wednesday 07:00,PROD-6,Production Failure,started,Tech 2,Station 2,,,,,
more demand and +1 all,2026-07-09T23:04:49.773220,223.5,Day 9 - Wednesday 07:30,PROD-6,Production Failure,finished,Tech 2,Station 2,0,rtv,0.0,0.5,0.5
more demand and +1 all,2026-07-09T23:04:49.773220,226.05422443065993,Day 9 - Wednesday 10:03,RMA-5,Customer RMA,finished,Tech 1,Station 1,0,repaired,3.4375577639932544,51.05422443065993,16.616666666666667
more demand and +1 all,2026-07-09T23:04:49.773220,228.71917502704332,Day 9 - Wednesday 12:43,PROD-7,Production Failure,arrived,,,,,,,
more demand and +1 all,2026-07-09T23:04:49.773220,228.71917502704332,Day 9 - Wednesday 12:43,PROD-7,Production Failure,started,Tech 1,Station 1,,,,,
more demand and +1 all,2026-07-09T23:04:49.773220,229.21917502704332,Day 9 - Wednesday 13:13,PROD-7,Production Failure,finished,Tech 1,Station 1,0,rtv,0.0,0.5,0.5
more demand and +1 all,2026-07-09T23:04:49.773220,231.2104447553631,Day 9 - Wednesday 15:13,RMA-7,Customer RMA,arrived,,,,,,,
more demand and +1 all,2026-07-09T23:04:49.773220,231.2104447553631,Day 9 - Wednesday 15:13,RMA-7,Customer RMA,started,Tech 1,Station 1,,,,,
more demand and +1 all,2026-07-09T23:04:49.773220,231.5,Day 9 - Wednesday 15:30,RMA-7,Customer RMA,paused,Tech 1,Station 1,297.34377808869647,,,,
more demand and +1 all,2026-07-09T23:04:49.773220,247.0,Day 10 - Thursday 07:00,ADVEX-5,Advance Exchange,arrived,,,,,,,
more demand and +1 all,2026-07-09T23:04:49.773220,247.0,Day 10 - Thursday 07:00,RMA-8,Customer RMA,arrived,,,,,,,
more demand and +1 all,2026-07-09T23:04:49.773220,247.0,Day 10 - Thursday 07:00,ADVEX-5,Advance Exchange,started,Tech 3,Station 3,,,,,
more demand and +1 all,2026-07-09T23:04:49.773220,247.0,Day 10 - Thursday 07:00,RMA-8,Customer RMA,started,Tech 2,Station 2,,,,,
more demand and +1 all,2026-07-09T23:04:49.773220,248.67054100901217,Day 10 - Thursday 08:40,RMA-9,Customer RMA,arrived,,,,,,,
more demand and +1 all,2026-07-09T23:04:49.773220,255.5,Day 10 - Thursday 15:30,RMA-7,Customer RMA,paused,Tech 1,Station 1,288.84377808869647,,,,
more demand and +1 all,2026-07-09T23:04:49.773220,255.5,Day 10 - Thursday 15:30,ADVEX-5,Advance Exchange,paused,Tech 3,Station 3,2.6500000000000004,,,,
more demand and +1 all,2026-07-09T23:04:49.773220,255.5,Day 10 - Thursday 15:30,RMA-8,Customer RMA,paused,Tech 2,Station 2,0.9000000000000004,,,,
more demand and +1 all,2026-07-09T23:04:49.773220,271.0,Day 11 - Friday 07:00,PROD-8,Production Failure,arrived,,,,,,,
more demand and +1 all,2026-07-09T23:04:49.773220,271.0,Day 11 - Friday 07:00,RMA-8,Customer RMA,interrupted,Tech 2,Station 2,0.9000000000000004,,,,
more demand and +1 all,2026-07-09T23:04:49.773220,271.0,Day 11 - Friday 07:00,PROD-8,Production Failure,started,Tech 2,Station 2,,,,,
more demand and +1 all,2026-07-09T23:04:49.773220,271.5,Day 11 - Friday 07:30,PROD-8,Production Failure,finished,Tech 2,Station 2,0,rtv,0.0,0.5,0.5
more demand and +1 all,2026-07-09T23:04:49.773220,271.5,Day 11 - Friday 07:30,RMA-9,Customer RMA,started,Tech 2,Station 2,,,,,
more demand and +1 all,2026-07-09T23:04:49.773220,273.65,Day 11 - Friday 09:39,ADVEX-5,Advance Exchange,finished,Tech 3,Station 3,0,repaired,0.0,26.649999999999977,11.15
more demand and +1 all,2026-07-09T23:04:49.773220,279.5,Day 11 - Friday 15:30,RMA-7,Customer RMA,paused,Tech 1,Station 1,280.34377808869647,,,,
more demand and +1 all,2026-07-09T23:04:49.773220,279.5,Day 11 - Friday 15:30,RMA-9,Customer RMA,paused,Tech 2,Station 2,1.416666666666666,,,,
more demand and +1 all,2026-07-09T23:04:49.773220,343.0,Day 14 - Monday 07:00,RESHIP-5,Reship,arrived,,,,,,,
more demand and +1 all,2026-07-09T23:04:49.773220,343.0,Day 14 - Monday 07:00,RMA-9,Customer RMA,interrupted,Tech 2,Station 2,1.416666666666666,,,,
more demand and +1 all,2026-07-09T23:04:49.773220,343.0,Day 14 - Monday 07:00,RMA-10,Customer RMA,arrived,,,,,,,
more demand and +1 all,2026-07-09T23:04:49.773220,343.0,Day 14 - Monday 07:00,PROD-9,Production Failure,arrived,,,,,,,
more demand and +1 all,2026-07-09T23:04:49.773220,343.0,Day 14 - Monday 07:00,RMA-7,Customer RMA,interrupted,Tech 1,Station 1,280.34377808869647,,,,
more demand and +1 all,2026-07-09T23:04:49.773220,343.0,Day 14 - Monday 07:00,RESHIP-5,Reship,started,Tech 1,Station 1,,,,,
more demand and +1 all,2026-07-09T23:04:49.773220,343.0,Day 14 - Monday 07:00,PROD-9,Production Failure,started,Tech 2,Station 2,,,,,
more demand and +1 all,2026-07-09T23:04:49.773220,343.5,Day 14 - Monday 07:30,PROD-9,Production Failure,finished,Tech 2,Station 2,0,rtv,0.0,0.5,0.5
more demand and +1 all,2026-07-09T23:04:49.773220,343.5,Day 14 - Monday 07:30,RMA-8,Customer RMA,started,Tech 2,Station 2,,,,,
more demand and +1 all,2026-07-09T23:04:49.773220,344.4,Day 14 - Monday 08:24,RMA-8,Customer RMA,finished,Tech 2,Station 2,0,repaired,0.0,97.39999999999998,9.4
more demand and +1 all,2026-07-09T23:04:49.773220,344.4,Day 14 - Monday 08:24,RMA-9,Customer RMA,started,Tech 2,Station 2,,,,,
more demand and +1 all,2026-07-09T23:04:49.773220,344.5369703304088,Day 14 - Monday 08:32,RESHIP-5,Reship,finished,Tech 1,Station 1,0,reshipped,0.0,1.536970330408792,1.5369703304087952
more demand and +1 all,2026-07-09T23:04:49.773220,344.5369703304088,Day 14 - Monday 08:32,RMA-10,Customer RMA,started,Tech 1,Station 1,,,,,
more demand and +1 all,2026-07-09T23:04:49.773220,344.57030366374215,Day 14 - Monday 08:34,RMA-10,Customer RMA,finished,Tech 1,Station 1,0,rtv,1.536970330408792,1.570303663742152,0.03333333333333333
more demand and +1 all,2026-07-09T23:04:49.773220,344.57030366374215,Day 14 - Monday 08:34,RMA-7,Customer RMA,started,Tech 1,Station 1,,,,,
more demand and +1 all,2026-07-09T23:04:49.773220,345.81666666666666,Day 14 - Monday 09:49,RMA-9,Customer RMA,finished,Tech 2,Station 2,0,repaired,22.82945899098783,97.1461256576545,9.416666666666666
more demand and +1 all,2026-07-09T23:04:49.773220,351.5,Day 14 - Monday 15:30,RMA-7,Customer RMA,paused,Tech 1,Station 1,273.4140817524386,,,,
more demand and +1 all,2026-07-09T23:04:49.773220,375.5,Day 15 - Tuesday 15:30,RMA-7,Customer RMA,paused,Tech 1,Station 1,264.9140817524386,,,,
more demand and +1 all,2026-07-09T23:04:49.773220,391.3652086612425,Day 16 - Wednesday 07:22,PROD-10,Production Failure,arrived,,,,,,,
more demand and +1 all,2026-07-09T23:04:49.773220,391.3652086612425,Day 16 - Wednesday 07:22,PROD-10,Production Failure,started,Tech 2,Station 2,,,,,
more demand and +1 all,2026-07-09T23:04:49.773220,391.8652086612425,Day 16 - Wednesday 07:52,PROD-10,Production Failure,finished,Tech 2,Station 2,0,repaired,0.0,0.5,0.5
more demand and +1 all,2026-07-09T23:04:49.773220,399.5,Day 16 - Wednesday 15:30,RMA-7,Customer RMA,paused,Tech 1,Station 1,256.4140817524386,,,,
more demand and +1 all,2026-07-09T23:04:49.773220,423.5,Day 17 - Thursday 15:30,RMA-7,Customer RMA,paused,Tech 1,Station 1,247.91408175243862,,,,
more demand and +1 all,2026-07-09T23:04:49.773220,439.0,Day 18 - Friday 07:00,ADVEX-6,Advance Exchange,arrived,,,,,,,
more demand and +1 all,2026-07-09T23:04:49.773220,439.0,Day 18 - Friday 07:00,ADVEX-6,Advance Exchange,started,Tech 2,Station 2,,,,,
more demand and +1 all,2026-07-09T23:04:49.773220,439.9032745130787,Day 18 - Friday 07:54,RESHIP-6,Reship,arrived,,,,,,,
more demand and +1 all,2026-07-09T23:04:49.773220,439.9032745130787,Day 18 - Friday 07:54,RMA-7,Customer RMA,interrupted,Tech 1,Station 1,247.91408175243862,,,,
more demand and +1 all,2026-07-09T23:04:49.773220,439.9032745130787,Day 18 - Friday 07:54,RESHIP-6,Reship,started,Tech 1,Station 1,,,,,
more demand and +1 all,2026-07-09T23:04:49.773220,441.5122447245169,Day 18 - Friday 09:31,RESHIP-6,Reship,finished,Tech 1,Station 1,0,reshipped,0.0,1.6089702114381907,1.6089702114381723
more demand and +1 all,2026-07-09T23:04:49.773220,441.5122447245169,Day 18 - Friday 09:31,RMA-7,Customer RMA,started,Tech 1,Station 1,,,,,
more demand and +1 all,2026-07-09T23:04:49.773220,447.5,Day 18 - Friday 15:30,ADVEX-6,Advance Exchange,paused,Tech 2,Station 2,3.633333333333333,,,,
more demand and +1 all,2026-07-09T23:04:49.773220,447.5,Day 18 - Friday 15:30,RMA-7,Customer RMA,paused,Tech 1,Station 1,241.92632647695552,,,,
more demand and +1 all,2026-07-09T23:04:49.773220,511.0,Day 21 - Monday 07:00,ADVEX-7,Advance Exchange,arrived,,,,,,,
more demand and +1 all,2026-07-09T23:04:49.773220,511.0,Day 21 - Monday 07:00,RMA-7,Customer RMA,interrupted,Tech 1,Station 1,241.92632647695552,,,,
more demand and +1 all,2026-07-09T23:04:49.773220,511.0,Day 21 - Monday 07:00,ADVEX-7,Advance Exchange,started,Tech 1,Station 1,,,,,
more demand and +1 all,2026-07-09T23:04:49.773220,511.2,Day 21 - Monday 07:12,ADVEX-7,Advance Exchange,finished,Tech 1,Station 1,0,rtv,0.0,0.19999999999998863,0.2
more demand and +1 all,2026-07-09T23:04:49.773220,511.2,Day 21 - Monday 07:12,RMA-7,Customer RMA,started,Tech 1,Station 1,,,,,
more demand and +1 all,2026-07-09T23:04:49.773220,514.6333333333333,Day 21 - Monday 10:38,ADVEX-6,Advance Exchange,finished,Tech 2,Station 2,0,rtv,0.0,75.63333333333333,12.133333333333333
more demand and +1 all,2026-07-09T23:04:49.773220,519.5,Day 21 - Monday 15:30,RMA-7,Customer RMA,paused,Tech 1,Station 1,233.6263264769555,,,,
more demand and +1 all,2026-07-09T23:04:49.773220,543.5,Day 22 - Tuesday 15:30,RMA-7,Customer RMA,paused,Tech 1,Station 1,225.1263264769555,,,,
more demand and +1 all,2026-07-09T23:04:49.773220,567.5,Day 23 - Wednesday 15:30,RMA-7,Customer RMA,paused,Tech 1,Station 1,216.6263264769555,,,,
more demand and +1 all,2026-07-09T23:04:49.773220,583.0,Day 24 - Thursday 07:00,RESHIP-7,Reship,arrived,,,,,,,
more demand and +1 all,2026-07-09T23:04:49.773220,583.0,Day 24 - Thursday 07:00,RESHIP-7,Reship,started,Tech 2,Station 2,,,,,
more demand and +1 all,2026-07-09T23:04:49.773220,584.1118677253208,Day 24 - Thursday 08:07,RESHIP-7,Reship,finished,Tech 2,Station 2,0,reshipped,0.0,1.1118677253208489,1.111867725320895
more demand and +1 all,2026-07-09T23:04:49.773220,591.5,Day 24 - Thursday 15:30,RMA-7,Customer RMA,paused,Tech 1,Station 1,208.1263264769555,,,,
more demand and +1 all,2026-07-09T23:04:49.773220,607.0,Day 25 - Friday 07:00,ADVEX-8,Advance Exchange,arrived,,,,,,,
more demand and +1 all,2026-07-09T23:04:49.773220,607.0,Day 25 - Friday 07:00,ADVEX-8,Advance Exchange,started,Tech 3,Station 3,,,,,
more demand and +1 all,2026-07-09T23:04:49.773220,614.5,Day 25 - Friday 14:30,ADVEX-8,Advance Exchange,finished,Tech 3,Station 3,0,repaired,0.0,7.5,7.5
more demand and +1 all,2026-07-09T23:04:49.773220,615.5,Day 25 - Friday 15:30,RMA-7,Customer RMA,paused,Tech 1,Station 1,199.6263264769555,,,,
more demand and +1 all,2026-07-09T23:04:49.773220,687.5,Day 28 - Monday 15:30,RMA-7,Customer RMA,paused,Tech 1,Station 1,191.1263264769555,,,,
more demand and +1 all,2026-07-09T23:04:49.773220,711.5,Day 29 - Tuesday 15:30,RMA-7,Customer RMA,paused,Tech 1,Station 1,182.6263264769555,,,,
more demand and +1 all,2026-07-09T23:04:49.773220,735.5,Day 30 - Wednesday 15:30,RMA-7,Customer RMA,paused,Tech 1,Station 1,174.1263264769555,,,,
more demand and +1 all,2026-07-09T23:04:49.773220,759.5,Day 31 - Thursday 15:30,RMA-7,Customer RMA,paused,Tech 1,Station 1,165.6263264769555,,,,
more demand and +1 all,2026-07-09T23:04:49.773220,783.5,Day 32 - Friday 15:30,RMA-7,Customer RMA,paused,Tech 1,Station 1,157.1263264769555,,,,
more demand and +1 all,2026-07-09T23:04:49.773220,855.5,Day 35 - Monday 15:30,RMA-7,Customer RMA,paused,Tech 1,Station 1,148.6263264769555,,,,
more demand and +1 all,2026-07-09T23:04:49.773220,879.5,Day 36 - Tuesday 15:30,RMA-7,Customer RMA,paused,Tech 1,Station 1,140.1263264769555,,,,
more demand and +1 all,2026-07-09T23:04:49.773220,895.0,Day 37 - Wednesday 07:00,ADVEX-9,Advance Exchange,arrived,,,,,,,
more demand and +1 all,2026-07-09T23:04:49.773220,895.0,Day 37 - Wednesday 07:00,ADVEX-9,Advance Exchange,started,Tech 2,Station 2,,,,,
more demand and +1 all,2026-07-09T23:04:49.773220,895.0333333333333,Day 37 - Wednesday 07:02,ADVEX-9,Advance Exchange,finished,Tech 2,Station 2,0,scrap,0.0,0.03333333333330302,0.03333333333333333
more demand and +1 all,2026-07-09T23:04:49.773220,903.5,Day 37 - Wednesday 15:30,RMA-7,Customer RMA,paused,Tech 1,Station 1,131.6263264769555,,,,
more demand and +1 all,2026-07-09T23:04:49.773220,927.5,Day 38 - Thursday 15:30,RMA-7,Customer RMA,paused,Tech 1,Station 1,123.12632647695551,,,,
more demand and +1 all,2026-07-09T23:04:49.773220,951.5,Day 39 - Friday 15:30,RMA-7,Customer RMA,paused,Tech 1,Station 1,114.62632647695551,,,,
more demand and +1 all,2026-07-09T23:04:49.773220,1015.0,Day 42 - Monday 07:00,ADVEX-10,Advance Exchange,arrived,,,,,,,
more demand and +1 all,2026-07-09T23:04:49.773220,1015.0,Day 42 - Monday 07:00,RESHIP-8,Reship,arrived,,,,,,,
more demand and +1 all,2026-07-09T23:04:49.773220,1015.0,Day 42 - Monday 07:00,RMA-7,Customer RMA,interrupted,Tech 1,Station 1,114.62632647695551,,,,
more demand and +1 all,2026-07-09T23:04:49.773220,1015.0,Day 42 - Monday 07:00,ADVEX-10,Advance Exchange,started,Tech 1,Station 1,,,,,
more demand and +1 all,2026-07-09T23:04:49.773220,1015.0,Day 42 - Monday 07:00,RESHIP-8,Reship,started,Tech 2,Station 2,,,,,
more demand and +1 all,2026-07-09T23:04:49.773220,1015.0666666666667,Day 42 - Monday 07:04,ADVEX-10,Advance Exchange,finished,Tech 1,Station 1,0,repaired,0.0,0.06666666666671972,0.06666666666666667
more demand and +1 all,2026-07-09T23:04:49.773220,1015.0666666666667,Day 42 - Monday 07:04,RMA-7,Customer RMA,started,Tech 1,Station 1,,,,,
more demand and +1 all,2026-07-09T23:04:49.773220,1016.8724330410853,Day 42 - Monday 08:52,RESHIP-8,Reship,finished,Tech 2,Station 2,0,reshipped,0.0,1.8724330410852872,1.8724330410852574
more demand and +1 all,2026-07-09T23:04:49.773220,1023.5,Day 42 - Monday 15:30,RMA-7,Customer RMA,paused,Tech 1,Station 1,106.19299314362223,,,,
more demand and +1 all,2026-07-09T23:04:49.773220,1039.0,Day 43 - Tuesday 07:00,RESHIP-9,Reship,arrived,,,,,,,
more demand and +1 all,2026-07-09T23:04:49.773220,1039.0,Day 43 - Tuesday 07:00,RESHIP-9,Reship,started,Tech 2,Station 2,,,,,
more demand and +1 all,2026-07-09T23:04:49.773220,1040.72993106909,Day 43 - Tuesday 08:44,RESHIP-9,Reship,finished,Tech 2,Station 2,0,reshipped,0.0,1.729931069090071,1.729931069089976
more demand and +1 all,2026-07-09T23:04:49.773220,1047.5,Day 43 - Tuesday 15:30,RMA-7,Customer RMA,paused,Tech 1,Station 1,97.69299314362223,,,,
more demand and +1 all,2026-07-09T23:04:49.773220,1071.5,Day 44 - Wednesday 15:30,RMA-7,Customer RMA,paused,Tech 1,Station 1,89.19299314362223,,,,
more demand and +1 all,2026-07-09T23:04:49.773220,1087.0,Day 45 - Thursday 07:00,RESHIP-10,Reship,arrived,,,,,,,
more demand and +1 all,2026-07-09T23:04:49.773220,1087.0,Day 45 - Thursday 07:00,RESHIP-10,Reship,started,Tech 2,Station 2,,,,,
more demand and +1 all,2026-07-09T23:04:49.773220,1088.6498780576394,Day 45 - Thursday 08:39,RESHIP-10,Reship,finished,Tech 2,Station 2,0,reshipped,0.0,1.6498780576393983,1.6498780576394534
more demand and +1 all,2026-07-09T23:04:49.773220,1095.5,Day 45 - Thursday 15:30,RMA-7,Customer RMA,paused,Tech 1,Station 1,80.69299314362223,,,,
more demand and +1 all,2026-07-09T23:04:49.773220,1119.5,Day 46 - Friday 15:30,RMA-7,Customer RMA,paused,Tech 1,Station 1,72.19299314362223,,,,
more demand and +1 all,2026-07-09T23:04:49.773220,1191.5,Day 49 - Monday 15:30,RMA-7,Customer RMA,paused,Tech 1,Station 1,63.69299314362223,,,,
more demand and +1 all,2026-07-09T23:04:49.773220,1215.5,Day 50 - Tuesday 15:30,RMA-7,Customer RMA,paused,Tech 1,Station 1,55.19299314362223,,,,
more demand and +1 all,2026-07-09T23:04:49.773220,1239.5,Day 51 - Wednesday 15:30,RMA-7,Customer RMA,paused,Tech 1,Station 1,46.69299314362223,,,,
more demand and +1 all,2026-07-09T23:04:49.773220,1263.5,Day 52 - Thursday 15:30,RMA-7,Customer RMA,paused,Tech 1,Station 1,38.19299314362223,,,,
more demand and +1 all,2026-07-09T23:04:49.773220,1287.5,Day 53 - Friday 15:30,RMA-7,Customer RMA,paused,Tech 1,Station 1,29.692993143622232,,,,
more demand and +1 all,2026-07-09T23:04:49.773220,1359.5,Day 56 - Monday 15:30,RMA-7,Customer RMA,paused,Tech 1,Station 1,21.192993143622232,,,,
more demand and +1 all,2026-07-09T23:04:49.773220,1383.5,Day 57 - Tuesday 15:30,RMA-7,Customer RMA,paused,Tech 1,Station 1,12.692993143622232,,,,
more demand and +1 all,2026-07-09T23:04:49.773220,1407.5,Day 58 - Wednesday 15:30,RMA-7,Customer RMA,paused,Tech 1,Station 1,4.192993143622232,,,,
more demand and +1 all,2026-07-09T23:04:49.773220,1427.1929931436223,Day 59 - Thursday 11:12,RMA-7,Customer RMA,finished,Tech 1,Station 1,0,scrap,0.0,1195.9825483882591,297.6333333333333
